OrderID,CustomerID,ProductID,OrderDate,Quantity,Price,City
1,102,504,2023-10-31,10,18.3,San Diego
2,106,503,2023-09-21,8,22.75,Dallas
3,108,503,2023-02-18,2,22.75,Atlanta
4,102,503,2023-12-18,2,22.75,Houston
5,107,503,2023-10-02,7,22.75,Phoenix
6,110,502,2023-11-12,5,15.5,San Diego
7,107,504,2023-03-07,8,18.3,Atlanta
8,110,502,2023-05-31,8,15.5,Phoenix
9,103,504,2023-06-05,3,18.3,Phoenix
10,102,501,2023-07-11,1,20.0,San Diego
11,107,501,2023-03-03,7,20.0,Chicago
12,104,501,2023-09-18,9,20.0,Atlanta
13,105,503,2023-02-13,2,22.75,San Diego
14,101,503,2023-09-08,9,22.75,Houston
15,106,503,2023-01-02,7,22.75,Phoenix
16,108,501,2023-02-19,4,20.0,New York
17,104,502,2023-07-04,8,15.5,Houston
18,110,504,2023-11-03,9,18.3,San Diego
19,107,504,2023-02-28,6,18.3,Atlanta
20,109,502,2023-11-09,1,15.5,New York
21,103,502,2023-03-24,9,15.5,Phoenix
22,109,502,2023-03-14,3,15.5,San Francisco
23,109,501,2023-07-21,3,20.0,Phoenix
24,104,504,2023-07-29,3,18.3,Miami
25,104,502,2023-10-28,7,15.5,Chicago
26,102,501,2023-05-13,2,20.0,Dallas
27,108,502,2023-05-12,1,15.5,Dallas
28,109,502,2023-04-17,8,15.5,Atlanta
29,106,504,2023-04-28,3,18.3,Chicago
30,108,503,2023-02-02,9,22.75,Dallas
31,110,501,2023-07-31,10,20.0,San Diego
32,109,503,2023-08-11,8,22.75,Los Angeles
33,101,503,2023-11-04,9,22.75,Houston
34,106,503,2023-12-01,1,22.75,Chicago
35,106,501,2023-04-20,2,20.0,Miami
36,103,502,2023-11-30,4,15.5,San Diego
37,106,501,2023-01-06,5,20.0,Los Angeles
38,108,503,2023-10-21,3,22.75,New York
39,110,503,2023-08-05,10,22.75,Phoenix
40,102,501,2023-06-10,8,20.0,Miami
41,106,504,2023-02-10,6,18.3,New York
42,108,502,2023-06-18,3,15.5,Miami
43,101,504,2023-10-14,10,18.3,Chicago
44,107,501,2023-08-10,9,20.0,Dallas
45,109,502,2023-01-29,9,15.5,New York
46,106,504,2023-04-11,5,18.3,Los Angeles
47,105,503,2023-05-27,10,22.75,Miami
48,105,504,2023-04-23,7,18.3,San Francisco
49,106,502,2023-01-06,10,15.5,New York
50,110,503,2023-12-19,8,22.75,San Diego
51,109,502,2023-12-23,2,15.5,Houston
52,108,503,2023-07-13,1,22.75,Miami
53,101,504,2023-11-25,7,18.3,Atlanta
54,103,501,2023-01-11,10,20.0,New York
55,105,503,2023-07-17,7,22.75,Atlanta
56,107,501,2023-12-09,9,20.0,Dallas
57,103,503,2023-11-08,8,22.75,San Diego
58,101,503,2023-06-29,4,22.75,Phoenix
59,109,502,2023-06-12,2,15.5,Houston
60,110,504,2023-04-24,8,18.3,Chicago
61,106,501,2023-07-07,4,20.0,New York
62,108,504,2023-01-30,1,18.3,Miami
63,108,504,2023-06-02,2,18.3,San Francisco
64,108,501,2023-07-03,10,20.0,Houston
65,110,504,2023-09-28,9,18.3,Miami
66,106,501,2023-08-12,6,20.0,Chicago
67,101,501,2023-07-14,5,20.0,San Francisco
68,104,504,2023-01-20,1,18.3,San Diego
69,107,503,2023-01-18,1,22.75,San Diego
70,110,504,2023-03-20,10,18.3,Dallas
71,106,502,2023-02-26,3,15.5,Miami
72,102,504,2023-07-31,9,18.3,San Diego
73,102,504,2023-02-15,10,18.3,Miami
74,104,503,2023-01-18,5,22.75,Phoenix
75,107,504,2023-03-18,6,18.3,New York
76,104,503,2023-04-03,5,22.75,Dallas
77,109,503,2023-02-20,7,22.75,Los Angeles
78,104,504,2023-02-28,1,18.3,New York
79,110,502,2023-06-29,7,15.5,Houston
80,103,504,2023-06-29,1,18.3,Phoenix
81,106,501,2023-08-21,3,20.0,Los Angeles
82,105,503,2023-10-17,9,22.75,Houston
83,103,503,2023-07-17,3,22.75,Los Angeles
84,103,502,2023-06-24,8,15.5,Miami
85,104,504,2023-10-22,3,18.3,Chicago
86,105,501,2023-11-12,1,20.0,San Diego
87,105,504,2023-06-19,8,18.3,New York
88,104,503,2023-07-20,5,22.75,Los Angeles
89,103,501,2023-06-09,8,20.0,Phoenix
90,106,501,2023-09-15,10,20.0,San Francisco
91,110,501,2023-08-29,4,20.0,Miami
92,101,503,2023-08-01,6,22.75,San Diego
93,104,503,2023-01-23,3,22.75,Phoenix
94,101,504,2023-09-25,7,18.3,Phoenix
95,106,504,2023-07-13,6,18.3,Los Angeles
96,101,502,2023-11-05,5,15.5,Los Angeles
97,107,504,2023-08-14,3,18.3,Dallas
98,101,503,2023-10-01,1,22.75,Los Angeles
99,108,504,2023-03-16,8,18.3,San Francisco
100,102,502,2023-09-03,7,15.5,San Francisco
101,106,504,2023-04-13,3,18.3,Dallas
102,104,503,2023-04-30,10,22.75,San Francisco
103,105,501,2023-01-19,2,20.0,San Francisco
104,101,503,2023-02-09,8,22.75,New York
105,105,504,2023-03-21,6,18.3,Phoenix
106,105,503,2023-12-06,3,22.75,San Diego
107,101,502,2023-07-27,9,15.5,Dallas
108,107,501,2023-06-20,9,20.0,Chicago
109,104,503,2023-04-29,5,22.75,Dallas
110,109,501,2023-09-29,3,20.0,San Francisco
111,106,504,2023-10-09,10,18.3,Phoenix
112,105,504,2023-03-23,1,18.3,Atlanta
113,104,504,2023-08-29,4,18.3,Phoenix
114,106,501,2023-07-14,8,20.0,Dallas
115,109,503,2023-06-15,8,22.75,San Francisco
116,109,503,2023-03-06,7,22.75,Miami
117,107,502,2023-09-20,6,15.5,New York
118,107,503,2023-06-08,10,22.75,Chicago
119,108,502,2023-11-01,4,15.5,San Diego
120,106,504,2023-11-25,1,18.3,Chicago
121,110,502,2023-08-01,10,15.5,Atlanta
122,108,502,2023-06-09,1,15.5,Houston
123,105,503,2023-02-10,4,22.75,Houston
124,107,503,2023-02-11,3,22.75,Phoenix
125,103,503,2023-12-13,6,22.75,San Diego
126,104,503,2023-06-12,1,22.75,Phoenix
127,108,502,2023-06-06,8,15.5,Chicago
128,105,501,2023-12-08,2,20.0,Atlanta
129,105,504,2023-04-21,10,18.3,Atlanta
130,106,504,2023-03-05,7,18.3,Dallas
131,105,501,2023-07-27,8,20.0,Dallas
132,104,504,2023-06-15,6,18.3,Dallas
133,103,503,2023-09-26,7,22.75,San Francisco
134,110,503,2023-04-16,10,22.75,Chicago
135,109,502,2023-02-12,9,15.5,Miami
136,102,504,2023-08-20,3,18.3,Los Angeles
137,102,504,2023-10-24,2,18.3,San Diego
138,108,501,2023-06-25,4,20.0,Chicago
139,104,503,2023-07-09,1,22.75,Atlanta
140,105,502,2023-03-30,3,15.5,Atlanta
141,107,501,2023-11-14,8,20.0,Houston
142,109,504,2023-10-27,5,18.3,Atlanta
143,102,501,2023-04-30,5,20.0,Atlanta
144,104,502,2023-02-21,5,15.5,San Francisco
145,104,501,2023-10-10,5,20.0,San Diego
146,110,503,2023-09-13,10,22.75,Atlanta
147,103,503,2023-07-20,1,22.75,Los Angeles
148,110,502,2023-06-17,8,15.5,New York
149,101,501,2023-10-08,10,20.0,Atlanta
150,108,502,2023-10-31,10,15.5,Dallas
151,105,503,2023-07-09,4,22.75,San Francisco
152,105,503,2023-08-17,3,22.75,Chicago
153,105,501,2023-07-05,10,20.0,San Francisco
154,105,502,2023-09-27,5,15.5,Los Angeles
155,107,502,2023-10-16,10,15.5,Phoenix
156,109,502,2023-06-10,3,15.5,Miami
157,109,502,2023-11-23,9,15.5,Atlanta
158,101,504,2023-05-08,5,18.3,Los Angeles
159,106,501,2023-06-06,8,20.0,San Diego
160,108,504,2023-07-20,7,18.3,New York
161,110,502,2023-11-02,9,15.5,Miami
162,101,502,2023-05-28,6,15.5,San Francisco
163,106,501,2023-05-29,5,20.0,Los Angeles
164,109,502,2023-08-11,7,15.5,Chicago
165,102,501,2023-11-19,9,20.0,San Diego
166,110,501,2023-02-01,3,20.0,Dallas
167,101,501,2023-05-15,6,20.0,Chicago
168,108,503,2023-08-10,9,22.75,San Francisco
169,101,503,2023-11-26,3,22.75,Miami
170,102,501,2023-08-09,5,20.0,Chicago
171,108,504,2023-11-04,8,18.3,San Diego
172,105,504,2023-08-19,9,18.3,Atlanta
173,110,504,2023-02-06,1,18.3,Atlanta
174,106,503,2023-07-01,10,22.75,Miami
175,108,501,2023-12-26,6,20.0,Houston
176,102,502,2023-12-29,2,15.5,Dallas
177,109,501,2023-10-04,9,20.0,Houston
178,107,503,2023-03-11,5,22.75,San Diego
179,108,502,2023-06-25,8,15.5,Atlanta
180,109,504,2023-05-18,5,18.3,San Diego
181,106,504,2023-07-21,9,18.3,Miami
182,103,501,2023-08-30,5,20.0,Phoenix
183,109,503,2023-02-04,2,22.75,Dallas
184,102,504,2023-12-18,9,18.3,New York
185,104,501,2023-07-12,8,20.0,San Diego
186,101,502,2023-07-16,8,15.5,Phoenix
187,102,503,2023-06-30,5,22.75,Miami
188,109,501,2023-06-04,3,20.0,San Francisco
189,108,501,2023-03-14,8,20.0,San Francisco
190,107,502,2023-09-30,8,15.5,Los Angeles
191,103,503,2023-11-14,6,22.75,Atlanta
192,103,502,2023-07-30,7,15.5,Los Angeles
193,108,503,2023-03-03,3,22.75,Atlanta
194,110,502,2023-06-04,4,15.5,Chicago
195,108,502,2023-09-14,4,15.5,Chicago
196,103,503,2023-07-24,9,22.75,Chicago
197,107,503,2023-04-07,8,22.75,San Diego
198,109,504,2023-12-18,6,18.3,Houston
199,107,504,2023-08-11,2,18.3,Houston
200,110,501,2023-07-02,7,20.0,Phoenix
201,103,501,2023-05-13,10,20.0,Chicago
202,108,503,2023-04-26,5,22.75,San Diego
203,102,501,2023-01-24,9,20.0,Dallas
204,105,502,2023-06-10,7,15.5,Atlanta
205,101,503,2023-03-05,3,22.75,Miami
206,105,502,2023-10-17,8,15.5,Chicago
207,101,501,2023-04-17,3,20.0,Phoenix
208,103,502,2023-07-17,8,15.5,Los Angeles
209,106,504,2023-04-03,4,18.3,Phoenix
210,101,504,2023-09-13,5,18.3,New York
211,104,503,2023-07-18,2,22.75,Chicago
212,102,501,2023-08-14,6,20.0,Atlanta
213,103,504,2023-03-12,1,18.3,Miami
214,105,501,2023-04-18,3,20.0,Chicago
215,108,504,2023-09-18,7,18.3,San Francisco
216,108,503,2023-12-22,8,22.75,Houston
217,101,501,2023-02-09,9,20.0,Dallas
218,102,503,2023-01-12,5,22.75,Chicago
219,102,503,2023-02-11,1,22.75,Phoenix
220,101,503,2023-10-11,5,22.75,New York
221,107,504,2023-05-12,9,18.3,Atlanta
222,104,501,2023-02-18,8,20.0,New York
223,103,501,2023-12-29,4,20.0,San Francisco
224,107,503,2023-05-15,8,22.75,New York
225,104,502,2023-11-04,6,15.5,San Francisco
226,110,502,2023-10-21,5,15.5,Phoenix
227,109,502,2023-08-14,9,15.5,Houston
228,101,502,2023-11-18,7,15.5,Phoenix
229,109,502,2023-12-27,10,15.5,Chicago
230,110,504,2023-02-16,5,18.3,Phoenix
231,109,502,2023-09-04,9,15.5,Los Angeles
232,103,504,2023-10-31,8,18.3,Miami
233,107,504,2023-12-24,4,18.3,New York
234,105,503,2023-10-28,6,22.75,Los Angeles
235,102,503,2023-12-27,9,22.75,Atlanta
236,108,503,2023-11-13,1,22.75,San Francisco
237,103,504,2023-02-10,10,18.3,Miami
238,109,504,2023-04-13,6,18.3,Phoenix
239,105,502,2023-02-21,1,15.5,Houston
240,108,504,2023-03-20,10,18.3,Miami
241,103,501,2023-11-04,3,20.0,New York
242,106,504,2023-07-23,8,18.3,Chicago
243,106,501,2023-07-25,5,20.0,Phoenix
244,108,503,2023-01-21,1,22.75,Chicago
245,110,502,2023-04-28,3,15.5,New York
246,101,504,2023-08-01,7,18.3,Houston
247,101,501,2023-03-31,4,20.0,Atlanta
248,110,504,2023-07-18,1,18.3,Miami
249,108,503,2023-07-18,2,22.75,San Diego
250,108,502,2023-03-27,6,15.5,Los Angeles
251,108,504,2023-02-10,7,18.3,Dallas
252,104,503,2023-11-11,8,22.75,Atlanta
253,106,502,2023-02-28,3,15.5,Dallas
254,102,504,2023-01-01,3,18.3,Dallas
255,103,504,2023-03-03,4,18.3,San Diego
256,110,502,2023-12-03,2,15.5,San Francisco
257,108,502,2023-05-18,10,15.5,New York
258,102,503,2023-11-24,7,22.75,San Diego
259,107,502,2023-04-28,5,15.5,Atlanta
260,101,501,2023-05-28,10,20.0,Dallas
261,105,502,2023-08-25,4,15.5,Phoenix
262,103,504,2023-12-15,3,18.3,San Diego
263,108,504,2023-05-27,1,18.3,Houston
264,101,502,2023-02-22,5,15.5,Miami
265,101,503,2023-06-06,4,22.75,Miami
266,101,504,2023-05-05,9,18.3,Atlanta
267,101,503,2023-01-05,2,22.75,San Diego
268,104,503,2023-08-23,4,22.75,San Francisco
269,109,504,2023-09-06,5,18.3,Houston
270,101,504,2023-12-11,7,18.3,San Francisco
271,105,503,2023-03-16,6,22.75,San Diego
272,103,502,2023-02-23,5,15.5,San Francisco
273,105,503,2023-08-20,9,22.75,Chicago
274,109,504,2023-12-15,4,18.3,San Diego
275,109,504,2023-11-15,4,18.3,Houston
276,101,504,2023-09-02,8,18.3,San Francisco
277,108,504,2023-02-17,2,18.3,Atlanta
278,102,504,2023-08-02,8,18.3,Atlanta
279,104,503,2023-03-29,2,22.75,New York
280,110,502,2023-06-14,10,15.5,Chicago
281,103,503,2023-11-08,3,22.75,San Francisco
282,105,503,2023-01-26,5,22.75,San Diego
283,106,503,2023-11-16,7,22.75,San Francisco
284,103,504,2023-08-22,4,18.3,Phoenix
285,101,503,2023-08-04,2,22.75,Atlanta
286,110,501,2023-05-05,7,20.0,Phoenix
287,106,501,2023-02-25,5,20.0,New York
288,105,504,2023-02-12,7,18.3,Houston
289,103,504,2023-10-02,1,18.3,Dallas
290,102,502,2023-03-13,2,15.5,Los Angeles
291,106,502,2023-04-30,9,15.5,San Francisco
292,103,501,2023-12-14,8,20.0,San Diego
293,105,503,2023-08-21,9,22.75,Dallas
294,110,503,2023-09-10,8,22.75,San Diego
295,105,501,2023-01-16,9,20.0,Miami
296,102,502,2023-11-01,3,15.5,San Francisco
297,102,502,2023-10-18,8,15.5,Atlanta
298,103,501,2023-03-27,7,20.0,San Francisco
299,102,503,2023-11-04,1,22.75,Miami
300,102,503,2023-06-19,2,22.75,Chicago
301,107,504,2023-06-10,6,18.3,San Diego
302,110,501,2023-12-03,4,20.0,San Diego
303,102,501,2023-09-27,7,20.0,New York
304,108,501,2023-02-05,7,20.0,San Francisco
305,104,502,2023-07-15,2,15.5,Los Angeles
306,106,502,2023-09-16,4,15.5,San Francisco
307,110,501,2023-11-23,2,20.0,Atlanta
308,103,502,2023-05-11,6,15.5,Los Angeles
309,109,501,2023-01-15,2,20.0,Atlanta
310,108,502,2023-08-23,9,15.5,Dallas
311,101,502,2023-09-13,6,15.5,San Diego
312,104,501,2023-08-14,3,20.0,Los Angeles
313,109,503,2023-02-17,3,22.75,San Diego
314,103,501,2023-02-01,9,20.0,Phoenix
315,104,502,2023-02-04,9,15.5,Dallas
316,103,501,2023-09-24,9,20.0,Dallas
317,104,504,2023-03-09,9,18.3,New York
318,103,502,2023-05-29,7,15.5,Dallas
319,106,503,2023-07-19,10,22.75,Miami
320,102,504,2023-12-01,5,18.3,San Francisco
321,101,504,2023-09-15,10,18.3,New York
322,101,502,2023-06-13,5,15.5,San Francisco
323,106,504,2023-03-08,9,18.3,San Diego
324,101,504,2023-06-02,9,18.3,Dallas
325,109,504,2023-06-01,2,18.3,Houston
326,104,501,2023-02-04,5,20.0,Atlanta
327,101,503,2023-08-17,8,22.75,Los Angeles
328,107,503,2023-06-27,3,22.75,Houston
329,106,501,2023-11-22,6,20.0,Phoenix
330,104,502,2023-06-04,6,15.5,San Francisco
331,101,503,2023-06-30,4,22.75,San Diego
332,102,501,2023-08-03,5,20.0,Phoenix
333,104,501,2023-10-02,5,20.0,Miami
334,104,504,2023-10-02,3,18.3,San Diego
335,108,504,2023-10-24,3,18.3,Houston
336,108,503,2023-05-04,2,22.75,Phoenix
337,107,501,2023-11-22,5,20.0,Dallas
338,107,503,2023-07-14,3,22.75,San Francisco
339,105,501,2023-10-12,8,20.0,Houston
340,105,503,2023-07-23,6,22.75,Phoenix
341,108,501,2023-10-04,3,20.0,Los Angeles
342,107,502,2023-07-04,2,15.5,Miami
343,104,502,2023-02-07,7,15.5,Houston
344,101,501,2023-09-14,7,20.0,Los Angeles
345,104,504,2023-11-18,2,18.3,Dallas
346,101,504,2023-08-10,2,18.3,Miami
347,102,501,2023-04-27,3,20.0,San Diego
348,104,504,2023-04-04,5,18.3,San Francisco
349,101,503,2023-03-20,10,22.75,San Francisco
350,104,503,2023-06-28,6,22.75,New York
351,107,502,2023-02-22,2,15.5,Dallas
352,101,502,2023-10-07,8,15.5,Houston
353,109,502,2023-01-12,9,15.5,New York
354,103,502,2023-06-18,8,15.5,Atlanta
355,102,502,2023-06-30,4,15.5,Los Angeles
356,107,502,2023-09-20,3,15.5,Phoenix
357,106,503,2023-12-22,2,22.75,Miami
358,104,504,2023-08-08,9,18.3,Dallas
359,107,504,2023-10-20,3,18.3,Miami
360,110,503,2023-01-10,5,22.75,New York
361,102,502,2023-10-31,8,15.5,Los Angeles
362,110,504,2023-05-09,5,18.3,Phoenix
363,104,501,2023-11-15,9,20.0,Los Angeles
364,105,502,2023-10-24,3,15.5,San Francisco
365,110,501,2023-12-09,1,20.0,Houston
366,101,504,2023-01-17,1,18.3,San Diego
367,101,503,2023-07-14,2,22.75,Atlanta
368,107,501,2023-02-28,4,20.0,Phoenix
369,107,504,2023-06-19,10,18.3,New York
370,110,504,2023-09-10,5,18.3,Los Angeles
371,103,502,2023-02-05,7,15.5,Dallas
372,110,503,2023-03-05,3,22.75,Atlanta
373,106,504,2023-01-07,5,18.3,San Francisco
374,105,504,2023-05-07,10,18.3,Dallas
375,102,503,2023-09-07,3,22.75,Houston
376,103,503,2023-12-17,10,22.75,Houston
377,109,501,2023-05-11,8,20.0,Houston
378,102,501,2023-04-21,10,20.0,Phoenix
379,109,503,2023-09-13,5,22.75,New York
380,103,502,2023-04-03,8,15.5,Miami
381,107,504,2023-03-25,10,18.3,Miami
382,104,502,2023-11-28,7,15.5,Houston
383,104,501,2023-12-03,2,20.0,San Diego
384,109,501,2023-03-14,7,20.0,Dallas
385,101,502,2023-09-26,5,15.5,Atlanta
386,105,503,2023-10-29,3,22.75,New York
387,109,502,2023-12-08,3,15.5,Houston
388,106,503,2023-04-04,1,22.75,Los Angeles
389,106,501,2023-07-20,1,20.0,Chicago
390,107,504,2023-09-13,2,18.3,Los Angeles
391,110,502,2023-07-15,5,15.5,Houston
392,101,502,2023-03-04,6,15.5,Los Angeles
393,104,503,2023-11-01,7,22.75,Los Angeles
394,101,503,2023-12-04,8,22.75,Miami
395,109,503,2023-06-14,3,22.75,Houston
396,110,502,2023-04-09,2,15.5,Dallas
397,101,504,2023-08-15,9,18.3,Chicago
398,101,504,2023-07-04,1,18.3,Miami
399,107,503,2023-02-28,9,22.75,San Francisco
400,109,502,2023-06-14,9,15.5,Dallas
401,108,503,2023-09-30,2,22.75,Dallas
402,108,503,2023-05-22,10,22.75,San Diego
403,106,501,2023-09-15,4,20.0,Dallas
404,104,504,2023-08-20,8,18.3,Miami
405,110,502,2023-07-30,4,15.5,Atlanta
406,108,502,2023-10-24,2,15.5,Los Angeles
407,105,504,2023-01-25,7,18.3,San Francisco
408,107,502,2023-10-26,2,15.5,Miami
409,107,504,2023-03-26,1,18.3,New York
410,110,502,2023-12-19,3,15.5,Phoenix
411,106,503,2023-06-25,9,22.75,Chicago
412,106,501,2023-04-17,3,20.0,Phoenix
413,101,503,2023-06-06,5,22.75,San Diego
414,110,503,2023-04-04,9,22.75,Houston
415,102,503,2023-02-09,1,22.75,San Diego
416,102,501,2023-12-16,9,20.0,Miami
417,107,503,2023-07-27,10,22.75,Los Angeles
418,101,504,2023-12-06,4,18.3,Miami
419,101,504,2023-12-15,4,18.3,Atlanta
420,107,504,2023-06-27,5,18.3,Miami
421,105,501,2023-01-15,1,20.0,Atlanta
422,106,503,2023-01-10,6,22.75,Los Angeles
423,101,501,2023-03-20,10,20.0,San Diego
424,103,501,2023-07-10,5,20.0,Miami
425,110,501,2023-08-28,2,20.0,Miami
426,110,502,2023-08-28,5,15.5,Phoenix
427,105,504,2023-06-21,6,18.3,San Diego
428,106,503,2023-01-18,1,22.75,Houston
429,103,503,2023-11-13,5,22.75,Atlanta
430,103,502,2023-08-12,1,15.5,Dallas
431,110,502,2023-05-01,2,15.5,Atlanta
432,108,501,2023-04-11,1,20.0,Miami
433,103,501,2023-07-29,3,20.0,Miami
434,102,502,2023-01-23,9,15.5,Atlanta
435,101,502,2023-07-01,5,15.5,Dallas
436,104,504,2023-03-23,4,18.3,Houston
437,108,502,2023-05-19,9,15.5,Dallas
438,101,504,2023-12-18,9,18.3,San Francisco
439,106,504,2023-04-11,6,18.3,San Diego
440,110,504,2023-06-12,7,18.3,New York
441,107,503,2023-02-02,8,22.75,Los Angeles
442,108,501,2023-01-29,9,20.0,San Francisco
443,105,504,2023-01-20,6,18.3,Phoenix
444,108,504,2023-10-05,10,18.3,Miami
445,110,504,2023-02-27,8,18.3,Atlanta
446,105,503,2023-02-13,2,22.75,Miami
447,110,502,2023-12-22,5,15.5,Chicago
448,106,502,2023-02-13,8,15.5,San Francisco
449,109,501,2023-09-13,3,20.0,San Diego
450,106,501,2023-03-28,10,20.0,San Diego
451,107,502,2023-07-06,2,15.5,Dallas
452,110,504,2023-01-22,10,18.3,Dallas
453,104,502,2023-10-21,8,15.5,Dallas
454,108,503,2023-02-05,2,22.75,Miami
455,101,502,2023-11-01,4,15.5,Phoenix
456,101,504,2023-06-24,1,18.3,Dallas
457,107,504,2023-05-03,1,18.3,New York
458,108,504,2023-05-16,7,18.3,Miami
459,105,501,2023-02-19,6,20.0,Chicago
460,109,503,2023-06-19,2,22.75,Chicago
461,106,503,2023-02-15,9,22.75,Los Angeles
462,102,502,2023-04-15,3,15.5,San Francisco
463,110,503,2023-09-09,9,22.75,New York
464,103,501,2023-03-04,5,20.0,Los Angeles
465,105,502,2023-08-16,10,15.5,Atlanta
466,104,503,2023-11-19,8,22.75,San Francisco
467,105,501,2023-11-22,5,20.0,San Francisco
468,103,504,2023-06-28,6,18.3,Dallas
469,103,503,2023-08-27,2,22.75,San Diego
470,106,503,2023-01-13,6,22.75,Los Angeles
471,108,501,2023-08-01,3,20.0,Dallas
472,108,501,2023-04-22,4,20.0,Atlanta
473,103,504,2023-04-01,3,18.3,San Francisco
474,104,503,2023-06-10,3,22.75,Atlanta
475,101,502,2023-12-22,8,15.5,Dallas
476,103,504,2023-11-28,4,18.3,Houston
477,109,504,2023-12-27,2,18.3,Miami
478,110,501,2023-03-12,6,20.0,Chicago
479,104,503,2023-11-14,1,22.75,San Francisco
480,103,503,2023-02-20,10,22.75,San Diego
481,110,501,2023-09-15,10,20.0,Miami
482,107,502,2023-09-10,7,15.5,Chicago
483,103,502,2023-09-17,8,15.5,New York
484,106,501,2023-01-01,3,20.0,San Francisco
485,101,501,2023-11-18,2,20.0,Houston
486,102,504,2023-05-17,10,18.3,San Francisco
487,103,503,2023-07-10,10,22.75,San Diego
488,108,504,2023-09-19,10,18.3,Los Angeles
489,103,503,2023-10-13,8,22.75,New York
490,109,504,2023-01-16,2,18.3,Houston
491,105,502,2023-02-05,1,15.5,Atlanta
492,102,503,2023-08-14,2,22.75,Atlanta
493,109,504,2023-07-21,1,18.3,Dallas
494,108,502,2023-11-10,9,15.5,Dallas
495,102,501,2023-01-18,3,20.0,Dallas
496,105,502,2023-03-18,4,15.5,San Diego
497,101,504,2023-09-21,7,18.3,Chicago
498,105,504,2023-10-26,8,18.3,Houston
499,107,504,2023-11-14,1,18.3,New York
500,101,504,2023-06-11,1,18.3,Houston
501,103,502,2023-05-20,4,15.5,Dallas
502,109,502,2023-03-16,3,15.5,Atlanta
503,101,502,2023-07-30,3,15.5,San Francisco
504,102,502,2023-12-05,4,15.5,Atlanta
505,101,504,2023-03-08,2,18.3,San Diego
506,103,503,2023-10-11,1,22.75,Dallas
507,107,501,2023-09-06,9,20.0,Dallas
508,102,503,2023-12-10,1,22.75,Chicago
509,109,504,2023-08-03,9,18.3,Los Angeles
510,108,502,2023-06-07,5,15.5,Phoenix
511,106,503,2023-05-21,8,22.75,Phoenix
512,109,503,2023-08-09,8,22.75,Phoenix
513,108,501,2023-01-02,6,20.0,Phoenix
514,110,502,2023-06-11,6,15.5,New York
515,109,502,2023-11-11,7,15.5,San Diego
516,103,503,2023-02-21,6,22.75,Miami
517,104,501,2023-01-30,4,20.0,Dallas
518,110,501,2023-08-09,4,20.0,Chicago
519,105,501,2023-11-17,6,20.0,San Francisco
520,109,504,2023-04-16,1,18.3,Los Angeles
521,107,504,2023-05-08,9,18.3,Miami
522,104,501,2023-09-08,5,20.0,Chicago
523,103,502,2023-10-20,8,15.5,San Francisco
524,108,503,2023-09-11,10,22.75,Chicago
525,104,503,2023-09-30,10,22.75,Phoenix
526,106,504,2023-06-01,9,18.3,Houston
527,107,502,2023-11-28,3,15.5,Los Angeles
528,108,501,2023-02-13,7,20.0,Miami
529,109,503,2023-01-18,8,22.75,Houston
530,106,503,2023-09-25,10,22.75,Chicago
531,103,501,2023-11-19,8,20.0,Chicago
532,104,504,2023-01-15,8,18.3,Los Angeles
533,107,501,2023-06-21,2,20.0,New York
534,101,504,2023-05-18,5,18.3,Phoenix
535,105,503,2023-03-03,4,22.75,Phoenix
536,108,504,2023-02-16,9,18.3,Atlanta
537,102,501,2023-11-05,8,20.0,Atlanta
538,108,504,2023-03-21,2,18.3,Atlanta
539,110,503,2023-11-30,1,22.75,San Francisco
540,101,503,2023-08-19,6,22.75,Miami
541,101,502,2023-08-18,3,15.5,San Francisco
542,101,503,2023-08-17,10,22.75,Los Angeles
543,109,503,2023-12-14,5,22.75,Phoenix
544,102,502,2023-11-15,10,15.5,New York
545,104,504,2023-11-03,4,18.3,Chicago
546,108,503,2023-02-28,7,22.75,Los Angeles
547,102,504,2023-07-03,2,18.3,Houston
548,102,504,2023-10-20,4,18.3,San Francisco
549,104,502,2023-09-25,4,15.5,Phoenix
550,107,503,2023-02-22,8,22.75,Atlanta
551,110,504,2023-10-31,1,18.3,Houston
552,109,503,2023-04-17,5,22.75,Houston
553,105,503,2023-01-25,1,22.75,Atlanta
554,101,501,2023-09-14,7,20.0,Miami
555,103,501,2023-09-28,4,20.0,New York
556,106,503,2023-10-27,1,22.75,Dallas
557,104,504,2023-09-23,8,18.3,New York
558,104,502,2023-08-21,4,15.5,San Diego
559,110,501,2023-09-29,2,20.0,Dallas
560,109,503,2023-07-17,3,22.75,New York
561,107,502,2023-06-25,3,15.5,Chicago
562,102,503,2023-04-05,9,22.75,Los Angeles
563,105,501,2023-05-25,6,20.0,Atlanta
564,103,502,2023-02-25,7,15.5,San Francisco
565,105,504,2023-03-11,10,18.3,San Diego
566,101,501,2023-06-12,9,20.0,Houston
567,106,503,2023-01-10,10,22.75,San Francisco
568,105,502,2023-10-14,4,15.5,Phoenix
569,104,504,2023-02-23,6,18.3,Dallas
570,109,501,2023-01-04,8,20.0,San Francisco
571,101,504,2023-07-09,3,18.3,San Diego
572,105,502,2023-11-25,1,15.5,New York
573,102,501,2023-03-31,10,20.0,Dallas
574,107,501,2023-07-18,7,20.0,Atlanta
575,107,502,2023-07-28,10,15.5,Chicago
576,102,504,2023-11-24,6,18.3,Miami
577,105,503,2023-12-17,10,22.75,Houston
578,106,501,2023-04-27,1,20.0,Dallas
579,102,504,2023-07-31,6,18.3,Miami
580,110,504,2023-11-01,8,18.3,Atlanta
581,108,502,2023-10-15,5,15.5,Los Angeles
582,102,503,2023-11-16,4,22.75,Atlanta
583,105,504,2023-04-21,9,18.3,Dallas
584,105,502,2023-06-12,10,15.5,San Diego
585,110,503,2023-01-12,3,22.75,Dallas
586,103,504,2023-06-03,8,18.3,Phoenix
587,101,502,2023-04-11,6,15.5,San Diego
588,105,501,2023-08-22,5,20.0,New York
589,104,502,2023-01-09,3,15.5,Dallas
590,103,501,2023-05-05,10,20.0,Los Angeles
591,107,503,2023-12-31,8,22.75,Phoenix
592,104,503,2023-11-09,9,22.75,Atlanta
593,108,504,2023-03-10,9,18.3,Los Angeles
594,105,502,2023-08-01,8,15.5,San Diego
595,108,504,2023-06-29,2,18.3,New York
596,107,502,2023-07-17,4,15.5,Phoenix
597,106,504,2023-02-08,7,18.3,Houston
598,106,504,2023-05-31,6,18.3,Miami
599,103,501,2023-12-09,4,20.0,Miami
600,102,504,2023-03-06,10,18.3,Dallas
601,102,502,2023-07-22,2,15.5,Chicago
602,109,504,2023-03-08,1,18.3,Dallas
603,102,501,2023-04-09,1,20.0,Dallas
604,102,503,2023-04-17,9,22.75,Dallas
605,110,502,2023-08-29,9,15.5,Chicago
606,104,504,2023-02-17,1,18.3,Phoenix
607,105,501,2023-11-12,2,20.0,San Francisco
608,103,501,2023-09-21,2,20.0,Houston
609,108,502,2023-06-14,1,15.5,Chicago
610,106,501,2023-05-02,9,20.0,Los Angeles
611,101,501,2023-09-22,7,20.0,Dallas
612,105,502,2023-09-30,4,15.5,Atlanta
613,103,503,2023-01-27,7,22.75,Dallas
614,102,503,2023-04-12,5,22.75,Atlanta
615,106,502,2023-08-08,6,15.5,San Francisco
616,101,503,2023-10-23,10,22.75,Los Angeles
617,104,502,2023-02-24,2,15.5,New York
618,102,502,2023-12-20,10,15.5,Atlanta
619,109,504,2023-06-29,1,18.3,New York
620,107,501,2023-03-28,10,20.0,San Francisco
621,107,503,2023-03-20,7,22.75,San Diego
622,107,501,2023-03-04,9,20.0,Dallas
623,108,501,2023-12-12,10,20.0,Chicago
624,103,504,2023-10-02,3,18.3,Atlanta
625,102,503,2023-03-15,5,22.75,Miami
626,110,504,2023-02-16,9,18.3,San Diego
627,102,504,2023-10-08,9,18.3,San Diego
628,106,502,2023-04-24,1,15.5,Miami
629,105,504,2023-04-19,9,18.3,New York
630,102,504,2023-07-04,2,18.3,Atlanta
631,109,502,2023-04-29,6,15.5,New York
632,109,501,2023-04-12,1,20.0,Atlanta
633,104,503,2023-11-21,2,22.75,San Francisco
634,110,502,2023-02-23,4,15.5,Miami
635,101,504,2023-01-19,10,18.3,Atlanta
636,105,504,2023-07-21,6,18.3,Los Angeles
637,103,501,2023-01-24,1,20.0,Atlanta
638,106,502,2023-06-05,1,15.5,San Francisco
639,103,502,2023-11-02,3,15.5,San Diego
640,105,501,2023-05-23,2,20.0,Phoenix
641,108,502,2023-09-24,10,15.5,Miami
642,105,504,2023-06-05,1,18.3,Atlanta
643,107,504,2023-03-03,9,18.3,Chicago
644,101,504,2023-06-13,5,18.3,Chicago
645,110,501,2023-06-17,10,20.0,Phoenix
646,108,501,2023-11-27,9,20.0,New York
647,107,503,2023-12-11,1,22.75,Houston
648,110,501,2023-09-16,6,20.0,Miami
649,109,501,2023-05-09,3,20.0,Miami
650,108,501,2023-06-19,1,20.0,Phoenix
651,102,502,2023-04-18,3,15.5,New York
652,103,504,2023-11-20,4,18.3,Phoenix
653,103,502,2023-03-10,8,15.5,San Diego
654,110,502,2023-04-01,2,15.5,San Diego
655,106,504,2023-02-12,6,18.3,Miami
656,103,504,2023-04-07,1,18.3,New York
657,105,504,2023-05-06,9,18.3,Chicago
658,104,503,2023-11-20,8,22.75,Dallas
659,109,503,2023-07-01,1,22.75,Phoenix
660,102,504,2023-02-27,6,18.3,Chicago
661,109,502,2023-09-17,9,15.5,San Diego
662,108,504,2023-08-10,9,18.3,Phoenix
663,106,503,2023-07-20,9,22.75,San Diego
664,103,501,2023-08-16,4,20.0,Chicago
665,101,502,2023-12-02,9,15.5,Miami
666,109,501,2023-10-07,1,20.0,San Francisco
667,110,501,2023-04-03,8,20.0,Dallas
668,104,504,2023-09-03,2,18.3,Chicago
669,102,503,2023-08-21,7,22.75,New York
670,110,502,2023-03-01,8,15.5,Chicago
671,106,503,2023-03-23,8,22.75,Houston
672,106,503,2023-10-25,9,22.75,Los Angeles
673,102,504,2023-08-28,1,18.3,Houston
674,102,502,2023-07-31,7,15.5,New York
675,103,502,2023-11-13,9,15.5,Atlanta
676,103,502,2023-01-23,4,15.5,Los Angeles
677,104,504,2023-03-08,3,18.3,Los Angeles
678,106,502,2023-01-14,6,15.5,Chicago
679,104,501,2023-02-13,7,20.0,Miami
680,110,504,2023-05-24,3,18.3,Atlanta
681,107,501,2023-10-07,5,20.0,Phoenix
682,105,501,2023-07-20,6,20.0,San Francisco
683,108,502,2023-11-15,10,15.5,San Francisco
684,106,504,2023-10-04,10,18.3,Miami
685,104,501,2023-11-05,8,20.0,San Francisco
686,110,503,2023-06-25,9,22.75,Los Angeles
687,107,504,2023-11-03,9,18.3,San Diego
688,101,501,2023-10-22,5,20.0,Dallas
689,108,501,2023-07-01,9,20.0,Dallas
690,109,504,2023-01-27,2,18.3,Phoenix
691,105,503,2023-01-01,6,22.75,San Diego
692,102,502,2023-09-07,3,15.5,New York
693,107,504,2023-01-20,7,18.3,Los Angeles
694,101,501,2023-01-31,2,20.0,Los Angeles
695,110,504,2023-04-25,3,18.3,Houston
696,106,502,2023-04-23,9,15.5,Chicago
697,101,502,2023-03-26,8,15.5,New York
698,105,504,2023-09-24,5,18.3,New York
699,110,504,2023-04-02,7,18.3,San Francisco
700,108,504,2023-06-06,3,18.3,Miami
701,105,503,2023-03-27,6,22.75,San Francisco
702,110,502,2023-06-06,5,15.5,San Diego
703,103,504,2023-05-10,2,18.3,Miami
704,103,501,2023-05-28,5,20.0,San Diego
705,106,502,2023-07-09,5,15.5,Miami
706,108,503,2023-06-05,1,22.75,San Diego
707,108,504,2023-06-15,8,18.3,Los Angeles
708,110,501,2023-01-21,4,20.0,Atlanta
709,106,504,2023-03-13,8,18.3,San Francisco
710,101,503,2023-04-14,6,22.75,Phoenix
711,107,501,2023-07-14,3,20.0,Phoenix
712,109,502,2023-12-09,1,15.5,Atlanta
713,109,502,2023-11-01,1,15.5,Dallas
714,107,501,2023-02-20,10,20.0,San Diego
715,107,503,2023-05-24,5,22.75,Miami
716,108,502,2023-10-24,9,15.5,Chicago
717,106,503,2023-10-09,8,22.75,Phoenix
718,102,502,2023-10-25,6,15.5,San Francisco
719,102,503,2023-05-10,10,22.75,Miami
720,101,502,2023-09-22,6,15.5,Houston
721,103,504,2023-01-12,2,18.3,San Diego
722,109,502,2023-08-15,3,15.5,Los Angeles
723,102,504,2023-08-08,8,18.3,Chicago
724,104,501,2023-08-11,2,20.0,New York
725,102,503,2023-10-07,9,22.75,Los Angeles
726,105,504,2023-02-17,1,18.3,Dallas
727,103,502,2023-02-14,7,15.5,Chicago
728,103,502,2023-11-26,5,15.5,New York
729,110,504,2023-08-15,8,18.3,Chicago
730,104,504,2023-04-27,1,18.3,Houston
731,105,504,2023-03-23,4,18.3,Phoenix
732,107,501,2023-06-16,1,20.0,Chicago
733,108,501,2023-05-02,3,20.0,Houston
734,105,501,2023-04-29,2,20.0,Chicago
735,108,503,2023-06-08,3,22.75,Atlanta
736,105,501,2023-02-01,3,20.0,Dallas
737,103,503,2023-07-30,8,22.75,San Diego
738,105,501,2023-04-10,4,20.0,San Francisco
739,108,503,2023-11-20,10,22.75,San Francisco
740,103,504,2023-05-29,5,18.3,Miami
741,110,504,2023-05-14,9,18.3,Dallas
742,110,502,2023-01-30,5,15.5,Dallas
743,105,501,2023-12-28,1,20.0,Chicago
744,110,504,2023-07-26,9,18.3,Los Angeles
745,102,502,2023-10-06,3,15.5,Houston
746,110,501,2023-01-11,10,20.0,Chicago
747,108,501,2023-08-28,3,20.0,Atlanta
748,110,502,2023-02-05,10,15.5,San Diego
749,101,503,2023-02-23,9,22.75,San Francisco
750,102,504,2023-11-27,2,18.3,Chicago
751,108,504,2023-06-19,2,18.3,Miami
752,101,503,2023-06-30,2,22.75,Phoenix
753,103,503,2023-05-20,8,22.75,Dallas
754,105,501,2023-02-01,1,20.0,Phoenix
755,103,504,2023-04-25,9,18.3,Los Angeles
756,103,503,2023-05-07,4,22.75,Chicago
757,101,502,2023-05-20,5,15.5,Chicago
758,104,503,2023-11-14,1,22.75,Los Angeles
759,107,501,2023-12-05,7,20.0,Phoenix
760,108,503,2023-06-08,2,22.75,Miami
761,103,502,2023-08-06,4,15.5,Phoenix
762,107,504,2023-10-05,3,18.3,Miami
763,105,503,2023-03-03,2,22.75,New York
764,101,504,2023-12-20,3,18.3,Los Angeles
765,106,501,2023-11-22,9,20.0,Chicago
766,105,504,2023-12-06,5,18.3,Chicago
767,106,503,2023-02-13,5,22.75,Dallas
768,108,503,2023-01-26,5,22.75,San Diego
769,108,503,2023-03-15,5,22.75,New York
770,103,501,2023-10-06,9,20.0,San Diego
771,104,501,2023-08-13,2,20.0,Atlanta
772,109,502,2023-11-26,6,15.5,San Diego
773,102,503,2023-10-22,7,22.75,Houston
774,103,504,2023-07-01,5,18.3,San Diego
775,105,504,2023-05-09,9,18.3,New York
776,105,502,2023-03-11,7,15.5,Phoenix
777,108,501,2023-02-28,6,20.0,Los Angeles
778,102,501,2023-11-26,2,20.0,Los Angeles
779,105,503,2023-01-03,3,22.75,Los Angeles
780,108,503,2023-02-01,1,22.75,Atlanta
781,105,503,2023-06-18,10,22.75,Phoenix
782,101,503,2023-05-31,1,22.75,San Diego
783,110,503,2023-05-21,8,22.75,Atlanta
784,105,501,2023-10-06,8,20.0,Atlanta
785,101,503,2023-03-14,4,22.75,Houston
786,107,502,2023-06-28,10,15.5,New York
787,103,504,2023-02-21,7,18.3,New York
788,104,502,2023-10-02,2,15.5,Miami
789,108,504,2023-05-04,7,18.3,New York
790,103,503,2023-10-17,5,22.75,San Diego
791,103,501,2023-03-06,2,20.0,Phoenix
792,110,503,2023-11-07,7,22.75,Chicago
793,104,503,2023-09-06,6,22.75,Los Angeles
794,101,502,2023-03-24,3,15.5,Houston
795,106,503,2023-09-18,4,22.75,Miami
796,107,501,2023-08-13,1,20.0,Los Angeles
797,104,504,2023-09-13,2,18.3,Los Angeles
798,106,503,2023-01-26,9,22.75,Chicago
799,110,502,2023-08-27,10,15.5,Houston
800,109,502,2023-05-20,3,15.5,Los Angeles
801,103,501,2023-11-16,3,20.0,Houston
802,102,502,2023-05-04,7,15.5,Dallas
803,110,504,2023-02-08,8,18.3,Phoenix
804,101,503,2023-04-06,9,22.75,New York
805,101,504,2023-03-08,10,18.3,Chicago
806,101,502,2023-04-03,9,15.5,Dallas
807,101,501,2023-02-15,6,20.0,Houston
808,108,503,2023-11-19,6,22.75,San Diego
809,101,504,2023-10-29,4,18.3,Los Angeles
810,110,501,2023-03-23,9,20.0,Phoenix
811,103,503,2023-03-30,5,22.75,Houston
812,110,502,2023-01-15,6,15.5,New York
813,107,501,2023-05-24,7,20.0,Houston
814,109,501,2023-06-23,6,20.0,San Francisco
815,106,501,2023-06-07,2,20.0,New York
816,109,501,2023-06-05,9,20.0,Los Angeles
817,104,504,2023-04-03,5,18.3,Houston
818,108,503,2023-11-22,1,22.75,New York
819,107,502,2023-07-01,8,15.5,Miami
820,105,501,2023-07-29,2,20.0,Chicago
821,103,502,2023-06-23,4,15.5,Phoenix
822,106,502,2023-02-19,4,15.5,San Francisco
823,104,502,2023-12-17,9,15.5,Chicago
824,108,503,2023-05-28,8,22.75,Chicago
825,106,501,2023-07-06,1,20.0,Chicago
826,105,502,2023-11-16,5,15.5,Los Angeles
827,109,504,2023-03-20,10,18.3,Phoenix
828,106,504,2023-04-21,3,18.3,Los Angeles
829,107,501,2023-09-25,10,20.0,Miami
830,105,503,2023-04-10,8,22.75,San Francisco
831,110,503,2023-07-02,10,22.75,Los Angeles
832,110,501,2023-11-14,1,20.0,Dallas
833,108,501,2023-07-01,6,20.0,Houston
834,104,501,2023-10-11,1,20.0,Dallas
835,108,503,2023-07-02,4,22.75,Houston
836,104,504,2023-05-04,7,18.3,Chicago
837,104,504,2023-07-30,7,18.3,Houston
838,102,504,2023-01-02,3,18.3,New York
839,110,504,2023-09-22,8,18.3,Houston
840,108,502,2023-01-20,2,15.5,Phoenix
841,106,502,2023-07-23,9,15.5,Miami
842,103,504,2023-11-08,8,18.3,Houston
843,109,503,2023-10-03,4,22.75,San Francisco
844,107,501,2023-02-09,8,20.0,Chicago
845,109,503,2023-05-13,9,22.75,New York
846,103,501,2023-02-06,7,20.0,San Diego
847,105,502,2023-12-25,1,15.5,Chicago
848,106,502,2023-07-27,3,15.5,Los Angeles
849,104,504,2023-07-29,1,18.3,Atlanta
850,104,501,2023-12-08,9,20.0,San Francisco
851,101,504,2023-01-10,7,18.3,Los Angeles
852,102,503,2023-03-01,5,22.75,Houston
853,105,501,2023-12-13,8,20.0,Dallas
854,108,504,2023-01-18,7,18.3,Houston
855,101,504,2023-11-06,7,18.3,Miami
856,104,503,2023-02-14,2,22.75,Chicago
857,109,502,2023-09-30,10,15.5,Atlanta
858,101,502,2023-04-25,6,15.5,Los Angeles
859,105,502,2023-11-28,2,15.5,Houston
860,105,504,2023-05-10,2,18.3,Phoenix
861,104,501,2023-11-03,9,20.0,Atlanta
862,106,501,2023-07-10,9,20.0,Los Angeles
863,106,502,2023-07-14,2,15.5,San Diego
864,101,501,2023-09-07,6,20.0,Los Angeles
865,110,501,2023-07-07,5,20.0,Houston
866,106,503,2023-01-06,5,22.75,Miami
867,108,502,2023-04-15,10,15.5,Chicago
868,106,502,2023-05-15,5,15.5,Miami
869,105,501,2023-09-04,5,20.0,San Diego
870,104,502,2023-12-30,3,15.5,Atlanta
871,110,501,2023-03-30,6,20.0,San Diego
872,110,504,2023-05-18,1,18.3,San Diego
873,109,502,2023-05-10,6,15.5,Houston
874,104,503,2023-01-19,8,22.75,Chicago
875,110,501,2023-06-21,7,20.0,Dallas
876,103,502,2023-04-24,4,15.5,Phoenix
877,103,502,2023-11-10,1,15.5,Chicago
878,106,502,2023-04-27,3,15.5,Phoenix
879,107,501,2023-12-08,1,20.0,San Diego
880,106,503,2023-05-07,10,22.75,San Diego
881,105,502,2023-07-05,2,15.5,San Diego
882,101,502,2023-07-22,1,15.5,Chicago
883,105,501,2023-03-27,7,20.0,Houston
884,107,501,2023-05-15,6,20.0,San Francisco
885,103,501,2023-03-08,4,20.0,Atlanta
886,103,502,2023-12-11,7,15.5,Dallas
887,107,503,2023-03-06,7,22.75,Atlanta
888,106,503,2023-03-16,2,22.75,San Diego
889,104,504,2023-05-20,7,18.3,Dallas
890,110,502,2023-01-14,9,15.5,Houston
891,101,501,2023-02-25,1,20.0,Houston
892,108,503,2023-09-25,8,22.75,Houston
893,107,503,2023-11-28,5,22.75,San Diego
894,102,502,2023-08-18,6,15.5,Houston
895,106,504,2023-05-29,3,18.3,Dallas
896,110,504,2023-01-10,6,18.3,Chicago
897,102,504,2023-12-07,5,18.3,New York
898,105,504,2023-10-28,6,18.3,Los Angeles
899,108,501,2023-04-04,8,20.0,San Francisco
900,109,501,2023-02-19,6,20.0,Chicago
901,109,504,2023-07-17,3,18.3,Atlanta
902,106,501,2023-08-30,3,20.0,Dallas
903,105,501,2023-09-28,4,20.0,New York
904,102,501,2023-08-23,8,20.0,Miami
905,102,503,2023-06-20,6,22.75,Los Angeles
906,104,501,2023-02-18,6,20.0,San Diego
907,105,501,2023-08-13,2,20.0,New York
908,103,504,2023-02-18,6,18.3,Miami
909,107,504,2023-01-23,2,18.3,San Francisco
910,105,504,2023-05-30,9,18.3,Chicago
911,109,503,2023-06-22,8,22.75,San Diego
912,103,502,2023-11-26,1,15.5,San Francisco
913,104,501,2023-09-27,9,20.0,Atlanta
914,107,502,2023-06-05,9,15.5,Atlanta
915,107,503,2023-06-03,1,22.75,New York
916,108,503,2023-03-22,5,22.75,Los Angeles
917,110,504,2023-01-03,4,18.3,Houston
918,104,501,2023-01-08,7,20.0,New York
919,106,502,2023-01-09,4,15.5,Atlanta
920,104,504,2023-12-30,1,18.3,San Francisco
921,110,501,2023-02-26,10,20.0,San Diego
922,108,501,2023-02-19,3,20.0,Chicago
923,101,503,2023-05-28,9,22.75,Atlanta
924,110,502,2023-10-02,4,15.5,San Francisco
925,103,502,2023-10-31,6,15.5,Los Angeles
926,109,503,2023-08-20,9,22.75,Dallas
927,107,503,2023-11-30,9,22.75,Miami
928,110,503,2023-07-08,5,22.75,Chicago
929,107,501,2023-04-19,5,20.0,Chicago
930,110,504,2023-03-20,10,18.3,Dallas
931,102,504,2023-03-07,4,18.3,San Diego
932,102,501,2023-02-09,6,20.0,San Francisco
933,108,503,2023-01-09,5,22.75,Phoenix
934,110,504,2023-03-19,4,18.3,Chicago
935,102,504,2023-04-24,10,18.3,San Diego
936,102,501,2023-03-24,4,20.0,Miami
937,102,501,2023-09-24,6,20.0,Atlanta
938,102,502,2023-04-24,5,15.5,San Francisco
939,106,501,2023-10-08,4,20.0,Miami
940,108,503,2023-10-08,9,22.75,Chicago
941,104,503,2023-04-11,2,22.75,Miami
942,103,502,2023-05-18,10,15.5,Chicago
943,106,504,2023-03-27,3,18.3,Los Angeles
944,103,504,2023-09-18,6,18.3,Chicago
945,106,501,2023-05-17,10,20.0,Atlanta
946,108,503,2023-12-14,4,22.75,Phoenix
947,110,502,2023-01-24,6,15.5,Chicago
948,104,503,2023-05-11,9,22.75,Phoenix
949,103,504,2023-02-07,2,18.3,Phoenix
950,103,502,2023-02-24,4,15.5,Miami
951,101,503,2023-07-19,2,22.75,New York
952,102,504,2023-02-06,3,18.3,San Diego
953,107,502,2023-06-26,3,15.5,San Francisco
954,105,501,2023-04-28,3,20.0,Houston
955,108,502,2023-02-19,2,15.5,Phoenix
956,101,502,2023-01-19,10,15.5,Chicago
957,104,502,2023-05-07,10,15.5,Miami
958,101,501,2023-02-20,3,20.0,Dallas
959,107,501,2023-10-18,3,20.0,Phoenix
960,108,502,2023-06-02,10,15.5,Atlanta
961,102,501,2023-04-30,7,20.0,San Diego
962,104,501,2023-03-25,5,20.0,Dallas
963,102,502,2023-11-26,1,15.5,San Francisco
964,104,504,2023-10-14,1,18.3,Phoenix
965,110,503,2023-08-24,3,22.75,Atlanta
966,107,502,2023-07-24,1,15.5,San Diego
967,108,503,2023-02-07,4,22.75,San Francisco
968,103,503,2023-09-08,2,22.75,Chicago
969,102,501,2023-07-06,5,20.0,New York
970,105,501,2023-07-28,6,20.0,Dallas
971,110,504,2023-11-12,3,18.3,Miami
972,110,502,2023-07-25,6,15.5,Chicago
973,102,501,2023-04-28,1,20.0,Atlanta
974,106,504,2023-05-28,3,18.3,Miami
975,104,504,2023-05-31,6,18.3,Phoenix
976,104,503,2023-07-10,4,22.75,Dallas
977,109,501,2023-10-30,1,20.0,New York
978,104,503,2023-10-07,5,22.75,New York
979,104,502,2023-02-14,6,15.5,Atlanta
980,107,501,2023-11-10,2,20.0,Los Angeles
981,102,504,2023-06-19,1,18.3,Phoenix
982,102,502,2023-10-19,9,15.5,San Francisco
983,110,504,2023-08-23,4,18.3,Houston
984,101,501,2023-03-08,10,20.0,San Francisco
985,102,501,2023-08-03,5,20.0,New York
986,106,502,2023-08-16,9,15.5,Dallas
987,102,503,2023-12-19,9,22.75,New York
988,105,502,2023-05-26,10,15.5,Atlanta
989,103,502,2023-04-20,7,15.5,New York
990,102,503,2023-09-10,5,22.75,Dallas
991,105,501,2023-09-02,3,20.0,Los Angeles
992,105,504,2023-11-01,5,18.3,Phoenix
993,105,504,2023-01-12,6,18.3,Houston
994,108,503,2023-07-27,3,22.75,New York
995,108,501,2023-03-05,5,20.0,Miami
996,107,502,2023-08-26,6,15.5,Los Angeles
997,102,501,2023-06-08,9,20.0,Atlanta
998,105,502,2023-01-05,10,15.5,San Francisco
999,110,504,2023-11-17,8,18.3,San Diego
1000,109,501,2023-12-13,3,20.0,Los Angeles
1001,105,502,2023-01-05,2,15.5,San Francisco
1002,105,503,2023-03-15,3,22.75,Atlanta
1003,109,503,2023-08-29,2,22.75,Los Angeles
1004,105,502,2023-02-15,4,15.5,Houston
1005,110,503,2023-01-28,2,22.75,Houston
1006,102,504,2023-09-26,10,18.3,Houston
1007,107,503,2023-02-08,1,22.75,New York
1008,110,502,2023-12-09,10,15.5,Phoenix
1009,105,502,2023-11-15,6,15.5,Phoenix
1010,103,501,2023-10-27,6,20.0,San Diego
1011,102,503,2023-02-22,3,22.75,Dallas
1012,105,504,2023-10-16,8,18.3,Dallas
1013,104,502,2023-03-18,2,15.5,Los Angeles
1014,108,504,2023-01-04,7,18.3,San Diego
1015,110,504,2023-12-01,4,18.3,Chicago
1016,109,504,2023-12-17,9,18.3,Atlanta
1017,104,501,2023-08-24,10,20.0,Dallas
1018,108,502,2023-03-23,5,15.5,Dallas
1019,106,504,2023-06-23,6,18.3,Phoenix
1020,101,502,2023-12-22,10,15.5,Houston
1021,106,502,2023-09-20,7,15.5,New York
1022,107,501,2023-05-09,3,20.0,Atlanta
1023,105,504,2023-10-21,1,18.3,Phoenix
1024,101,503,2023-05-21,5,22.75,Miami
1025,109,501,2023-10-31,10,20.0,New York
1026,106,504,2023-05-06,9,18.3,New York
1027,110,503,2023-09-24,9,22.75,Phoenix
1028,104,504,2023-04-14,5,18.3,New York
1029,101,503,2023-04-15,6,22.75,Atlanta
1030,104,501,2023-09-21,5,20.0,Phoenix
1031,104,503,2023-10-31,10,22.75,Miami
1032,107,501,2023-07-03,8,20.0,San Diego
1033,109,504,2023-02-14,7,18.3,San Francisco
1034,106,502,2023-06-17,4,15.5,New York
1035,103,504,2023-04-07,5,18.3,Dallas
1036,108,504,2023-06-25,5,18.3,Los Angeles
1037,104,502,2023-05-18,2,15.5,Atlanta
1038,103,501,2023-03-18,4,20.0,Los Angeles
1039,107,504,2023-06-10,10,18.3,Houston
1040,109,504,2023-07-04,3,18.3,San Francisco
1041,103,502,2023-07-03,7,15.5,Chicago
1042,110,503,2023-06-26,7,22.75,San Francisco
1043,108,502,2023-12-14,1,15.5,Chicago
1044,107,503,2023-01-21,7,22.75,Chicago
1045,101,504,2023-09-10,1,18.3,Miami
1046,109,501,2023-09-12,5,20.0,New York
1047,104,503,2023-12-05,3,22.75,San Francisco
1048,106,504,2023-10-10,6,18.3,Dallas
1049,105,501,2023-05-12,1,20.0,Houston
1050,103,501,2023-05-06,4,20.0,Miami
1051,109,501,2023-10-05,10,20.0,New York
1052,106,501,2023-03-06,4,20.0,Phoenix
1053,106,501,2023-10-11,10,20.0,Houston
1054,109,501,2023-08-11,6,20.0,Dallas
1055,108,503,2023-11-03,6,22.75,Miami
1056,103,502,2023-01-20,4,15.5,San Diego
1057,106,502,2023-09-29,5,15.5,Dallas
1058,107,503,2023-06-02,1,22.75,New York
1059,102,503,2023-05-12,9,22.75,San Diego
1060,101,504,2023-07-16,10,18.3,Miami
1061,109,501,2023-07-24,6,20.0,Phoenix
1062,107,504,2023-01-25,6,18.3,Phoenix
1063,101,503,2023-11-15,9,22.75,Chicago
1064,107,503,2023-07-04,5,22.75,Chicago
1065,105,503,2023-07-25,10,22.75,Phoenix
1066,107,503,2023-08-20,1,22.75,Chicago
1067,101,503,2023-07-13,6,22.75,Dallas
1068,106,503,2023-08-23,2,22.75,San Francisco
1069,108,501,2023-12-20,3,20.0,Chicago
1070,107,501,2023-01-05,6,20.0,Phoenix
1071,101,502,2023-08-19,9,15.5,Houston
1072,102,501,2023-10-23,6,20.0,New York
1073,110,504,2023-08-01,10,18.3,San Francisco
1074,105,501,2023-11-26,10,20.0,Chicago
1075,106,503,2023-01-06,3,22.75,Dallas
1076,110,504,2023-07-19,9,18.3,San Diego
1077,109,503,2023-01-13,6,22.75,Houston
1078,101,502,2023-06-01,8,15.5,Houston
1079,105,502,2023-10-08,2,15.5,Los Angeles
1080,106,501,2023-07-11,2,20.0,New York
1081,102,504,2023-04-23,6,18.3,Atlanta
1082,103,504,2023-06-08,3,18.3,Houston
1083,102,503,2023-03-25,2,22.75,Dallas
1084,105,502,2023-05-25,4,15.5,San Diego
1085,109,503,2023-10-13,6,22.75,New York
1086,109,502,2023-04-02,2,15.5,Atlanta
1087,101,504,2023-04-15,3,18.3,New York
1088,104,503,2023-01-05,9,22.75,Dallas
1089,103,501,2023-05-29,8,20.0,New York
1090,110,503,2023-03-30,4,22.75,Miami
1091,107,503,2023-10-10,5,22.75,San Francisco
1092,106,501,2023-03-16,10,20.0,Chicago
1093,107,503,2023-09-03,9,22.75,Atlanta
1094,110,502,2023-03-30,1,15.5,San Francisco
1095,109,503,2023-04-11,9,22.75,Atlanta
1096,108,501,2023-09-18,1,20.0,Miami
1097,104,504,2023-08-27,8,18.3,New York
1098,105,501,2023-06-25,6,20.0,Los Angeles
1099,105,503,2023-06-05,6,22.75,Chicago
1100,109,504,2023-03-29,4,18.3,Phoenix
1101,107,501,2023-11-14,7,20.0,San Francisco
1102,107,501,2023-08-02,6,20.0,Dallas
1103,106,504,2023-10-29,10,18.3,Miami
1104,109,502,2023-12-04,9,15.5,Los Angeles
1105,109,504,2023-01-11,8,18.3,New York
1106,109,503,2023-07-12,7,22.75,San Diego
1107,108,503,2023-11-14,5,22.75,San Diego
1108,105,502,2023-09-09,2,15.5,Atlanta
1109,107,502,2023-12-09,10,15.5,Houston
1110,110,504,2023-01-08,8,18.3,Phoenix
1111,104,503,2023-04-19,1,22.75,San Diego
1112,107,503,2023-08-19,3,22.75,Phoenix
1113,104,502,2023-07-13,3,15.5,Phoenix
1114,110,501,2023-08-16,9,20.0,Chicago
1115,102,503,2023-06-06,2,22.75,Los Angeles
1116,102,502,2023-09-15,4,15.5,Chicago
1117,106,503,2023-11-13,1,22.75,Los Angeles
1118,104,502,2023-03-20,8,15.5,Chicago
1119,105,502,2023-08-27,7,15.5,Atlanta
1120,105,501,2023-09-07,9,20.0,Los Angeles
1121,105,503,2023-05-09,8,22.75,Atlanta
1122,106,504,2023-07-15,3,18.3,Phoenix
1123,104,501,2023-05-10,5,20.0,New York
1124,103,504,2023-04-26,1,18.3,Miami
1125,108,501,2023-02-25,7,20.0,Los Angeles
1126,110,502,2023-01-20,1,15.5,Los Angeles
1127,103,502,2023-01-02,2,15.5,San Francisco
1128,101,501,2023-08-30,6,20.0,San Francisco
1129,108,504,2023-12-30,7,18.3,Miami
1130,102,504,2023-03-15,1,18.3,Los Angeles
1131,103,501,2023-01-18,8,20.0,Chicago
1132,105,502,2023-03-30,9,15.5,Atlanta
1133,102,503,2023-08-22,2,22.75,Houston
1134,104,502,2023-03-09,7,15.5,Miami
1135,102,504,2023-08-21,6,18.3,New York
1136,110,504,2023-06-05,10,18.3,Miami
1137,103,503,2023-10-23,1,22.75,San Diego
1138,102,503,2023-08-28,3,22.75,New York
1139,105,504,2023-11-03,6,18.3,Chicago
1140,110,504,2023-10-26,3,18.3,Chicago
1141,107,501,2023-07-26,9,20.0,Phoenix
1142,110,501,2023-05-27,1,20.0,Miami
1143,106,503,2023-12-12,5,22.75,Atlanta
1144,106,503,2023-05-29,9,22.75,Atlanta
1145,104,501,2023-03-24,7,20.0,Houston
1146,109,502,2023-06-15,5,15.5,Miami
1147,108,504,2023-09-17,9,18.3,Chicago
1148,107,504,2023-10-02,8,18.3,Houston
1149,107,502,2023-11-28,8,15.5,Atlanta
1150,106,501,2023-10-31,1,20.0,Atlanta
1151,107,502,2023-03-29,4,15.5,Los Angeles
1152,104,504,2023-04-02,10,18.3,Los Angeles
1153,102,504,2023-04-24,1,18.3,San Diego
1154,103,501,2023-05-29,9,20.0,New York
1155,109,501,2023-03-12,10,20.0,Miami
1156,106,501,2023-10-31,9,20.0,Chicago
1157,106,503,2023-02-08,6,22.75,Phoenix
1158,103,504,2023-02-24,6,18.3,Miami
1159,102,504,2023-01-06,9,18.3,Atlanta
1160,108,501,2023-08-05,5,20.0,Los Angeles
1161,102,503,2023-12-16,2,22.75,Phoenix
1162,101,504,2023-07-14,9,18.3,San Diego
1163,108,501,2023-09-24,4,20.0,Dallas
1164,101,501,2023-04-05,4,20.0,San Francisco
1165,108,501,2023-09-02,7,20.0,Chicago
1166,103,503,2023-11-05,9,22.75,San Diego
1167,107,503,2023-12-03,6,22.75,Los Angeles
1168,106,502,2023-04-25,9,15.5,San Francisco
1169,104,502,2023-07-08,2,15.5,Los Angeles
1170,109,503,2023-01-10,6,22.75,Chicago
1171,103,504,2023-09-09,4,18.3,Houston
1172,109,501,2023-08-04,4,20.0,Houston
1173,110,504,2023-10-08,2,18.3,Dallas
1174,106,504,2023-09-30,1,18.3,Atlanta
1175,107,502,2023-08-19,8,15.5,Phoenix
1176,103,504,2023-02-11,1,18.3,Houston
1177,103,504,2023-12-06,5,18.3,Dallas
1178,107,504,2023-09-16,3,18.3,Phoenix
1179,102,503,2023-03-18,8,22.75,Miami
1180,109,502,2023-10-08,3,15.5,Chicago
1181,105,501,2023-06-14,1,20.0,New York
1182,106,502,2023-03-24,4,15.5,San Francisco
1183,109,501,2023-10-25,7,20.0,Miami
1184,106,501,2023-03-24,7,20.0,Atlanta
1185,106,503,2023-12-15,2,22.75,Chicago
1186,105,502,2023-05-04,2,15.5,Houston
1187,102,501,2023-09-04,6,20.0,Miami
1188,110,504,2023-03-14,5,18.3,San Francisco
1189,102,503,2023-06-14,9,22.75,San Francisco
1190,108,502,2023-03-28,6,15.5,San Diego
1191,105,502,2023-12-28,7,15.5,San Francisco
1192,102,503,2023-01-10,6,22.75,Atlanta
1193,104,504,2023-02-19,1,18.3,New York
1194,108,501,2023-08-03,3,20.0,Los Angeles
1195,104,501,2023-10-10,9,20.0,Los Angeles
1196,104,504,2023-11-13,8,18.3,Los Angeles
1197,104,504,2023-03-01,10,18.3,Chicago
1198,101,504,2023-02-18,3,18.3,San Diego
1199,101,501,2023-12-09,5,20.0,New York
1200,110,502,2023-05-22,9,15.5,San Francisco
1201,102,502,2023-08-22,2,15.5,Los Angeles
1202,104,503,2023-05-18,3,22.75,Miami
1203,107,504,2023-02-12,5,18.3,San Francisco
1204,105,503,2023-02-17,8,22.75,San Diego
1205,106,501,2023-02-11,10,20.0,Los Angeles
1206,101,502,2023-06-22,6,15.5,Phoenix
1207,102,502,2023-04-28,3,15.5,San Diego
1208,108,504,2023-04-04,3,18.3,Los Angeles
1209,106,503,2023-10-29,9,22.75,Phoenix
1210,104,502,2023-09-24,2,15.5,Chicago
1211,108,503,2023-05-18,5,22.75,Houston
1212,103,503,2023-08-19,1,22.75,Los Angeles
1213,108,504,2023-03-27,1,18.3,Dallas
1214,102,502,2023-04-20,4,15.5,Houston
1215,110,503,2023-01-07,5,22.75,San Diego
1216,102,501,2023-02-11,9,20.0,Chicago
1217,109,501,2023-09-06,5,20.0,New York
1218,105,503,2023-08-20,7,22.75,Dallas
1219,106,502,2023-06-18,5,15.5,Phoenix
1220,110,504,2023-01-28,6,18.3,San Francisco
1221,105,503,2023-09-06,4,22.75,Dallas
1222,105,501,2023-08-28,1,20.0,Chicago
1223,109,504,2023-05-12,1,18.3,Chicago
1224,102,503,2023-01-09,2,22.75,San Francisco
1225,108,501,2023-10-20,2,20.0,San Diego
1226,104,502,2023-09-25,7,15.5,Miami
1227,104,502,2023-07-08,3,15.5,Atlanta
1228,106,502,2023-01-25,9,15.5,Los Angeles
1229,106,503,2023-04-18,10,22.75,New York
1230,104,504,2023-02-09,1,18.3,San Francisco
1231,110,501,2023-01-26,5,20.0,Houston
1232,107,504,2023-07-04,2,18.3,New York
1233,110,502,2023-10-11,7,15.5,Dallas
1234,106,502,2023-02-17,2,15.5,Phoenix
1235,110,502,2023-01-25,9,15.5,Atlanta
1236,110,504,2023-08-12,6,18.3,Dallas
1237,106,504,2023-07-23,3,18.3,Atlanta
1238,102,502,2023-08-04,3,15.5,Dallas
1239,108,501,2023-07-06,5,20.0,Miami
1240,107,501,2023-03-21,6,20.0,San Francisco
1241,103,502,2023-07-11,3,15.5,San Diego
1242,109,504,2023-01-27,10,18.3,San Diego
1243,108,504,2023-06-02,5,18.3,Los Angeles
1244,102,501,2023-04-02,7,20.0,Chicago
1245,107,503,2023-01-30,2,22.75,Chicago
1246,101,503,2023-09-28,5,22.75,Phoenix
1247,106,502,2023-01-07,1,15.5,San Diego
1248,105,504,2023-02-07,10,18.3,New York
1249,107,503,2023-06-05,7,22.75,New York
1250,101,504,2023-05-05,3,18.3,Los Angeles
1251,103,502,2023-01-13,4,15.5,Atlanta
1252,104,503,2023-04-17,2,22.75,San Francisco
1253,107,501,2023-05-17,5,20.0,Los Angeles
1254,105,502,2023-07-14,7,15.5,San Francisco
1255,109,504,2023-04-08,4,18.3,Dallas
1256,105,501,2023-10-05,1,20.0,Phoenix
1257,109,501,2023-11-25,7,20.0,Houston
1258,108,504,2023-06-04,3,18.3,New York
1259,110,503,2023-08-17,6,22.75,Phoenix
1260,108,504,2023-05-19,9,18.3,Atlanta
1261,105,504,2023-03-31,4,18.3,New York
1262,109,501,2023-07-19,4,20.0,Atlanta
1263,109,504,2023-03-25,8,18.3,Phoenix
1264,101,501,2023-11-10,2,20.0,Phoenix
1265,106,502,2023-03-15,1,15.5,New York
1266,109,503,2023-08-22,10,22.75,Los Angeles
1267,106,502,2023-12-12,3,15.5,Chicago
1268,106,504,2023-11-19,4,18.3,Miami
1269,109,503,2023-11-03,8,22.75,Miami
1270,104,502,2023-11-19,5,15.5,Houston
1271,103,503,2023-09-15,4,22.75,Atlanta
1272,106,501,2023-06-07,6,20.0,Atlanta
1273,103,501,2023-01-06,3,20.0,Miami
1274,107,501,2023-10-27,4,20.0,Houston
1275,103,503,2023-07-04,10,22.75,San Diego
1276,110,502,2023-02-24,7,15.5,Phoenix
1277,107,504,2023-06-17,9,18.3,Miami
1278,106,502,2023-10-11,6,15.5,Phoenix
1279,102,502,2023-09-26,1,15.5,Houston
1280,101,504,2023-02-25,5,18.3,San Diego
1281,103,502,2023-04-03,9,15.5,Miami
1282,102,501,2023-09-30,5,20.0,Atlanta
1283,109,501,2023-09-26,8,20.0,Chicago
1284,102,503,2023-05-15,7,22.75,Los Angeles
1285,105,504,2023-09-04,5,18.3,New York
1286,105,502,2023-03-05,10,15.5,New York
1287,107,502,2023-01-11,6,15.5,Atlanta
1288,110,503,2023-03-04,4,22.75,Houston
1289,107,502,2023-12-05,3,15.5,San Francisco
1290,104,501,2023-03-10,6,20.0,Dallas
1291,107,501,2023-09-01,7,20.0,San Diego
1292,101,503,2023-07-09,5,22.75,New York
1293,108,502,2023-02-24,4,15.5,Los Angeles
1294,106,501,2023-10-10,6,20.0,Dallas
1295,102,503,2023-04-10,6,22.75,San Francisco
1296,106,501,2023-05-27,8,20.0,Los Angeles
1297,101,501,2023-06-21,6,20.0,Miami
1298,109,504,2023-06-20,9,18.3,Miami
1299,105,503,2023-04-05,3,22.75,New York
1300,103,502,2023-01-11,6,15.5,San Diego
1301,110,504,2023-03-21,1,18.3,Chicago
1302,106,503,2023-09-30,7,22.75,Chicago
1303,109,502,2023-03-15,10,15.5,Houston
1304,101,503,2023-08-17,9,22.75,Dallas
1305,106,501,2023-12-24,5,20.0,Phoenix
1306,109,502,2023-12-02,2,15.5,Miami
1307,106,502,2023-10-19,4,15.5,Phoenix
1308,105,502,2023-08-29,9,15.5,Phoenix
1309,106,501,2023-05-25,6,20.0,Houston
1310,105,504,2023-10-19,3,18.3,Chicago
1311,104,504,2023-02-21,4,18.3,San Francisco
1312,107,501,2023-12-09,9,20.0,Atlanta
1313,110,503,2023-06-14,9,22.75,Chicago
1314,104,501,2023-11-04,8,20.0,New York
1315,109,502,2023-09-10,10,15.5,Dallas
1316,101,503,2023-06-02,2,22.75,Miami
1317,103,504,2023-04-08,7,18.3,San Francisco
1318,104,504,2023-03-05,1,18.3,Houston
1319,107,503,2023-09-16,7,22.75,San Francisco
1320,103,501,2023-05-29,4,20.0,New York
1321,104,503,2023-01-29,3,22.75,Houston
1322,109,504,2023-07-02,5,18.3,San Diego
1323,109,502,2023-07-10,6,15.5,Phoenix
1324,102,504,2023-04-24,2,18.3,Houston
1325,107,501,2023-08-07,6,20.0,Miami
1326,106,504,2023-10-01,9,18.3,Atlanta
1327,105,502,2023-11-24,2,15.5,Los Angeles
1328,107,504,2023-11-04,1,18.3,Miami
1329,106,502,2023-03-13,6,15.5,San Francisco
1330,109,501,2023-12-27,9,20.0,San Diego
1331,106,501,2023-03-21,6,20.0,Miami
1332,104,503,2023-08-16,3,22.75,San Diego
1333,106,504,2023-12-26,2,18.3,San Diego
1334,105,503,2023-03-08,6,22.75,San Francisco
1335,102,503,2023-01-01,6,22.75,San Diego
1336,103,503,2023-02-21,10,22.75,Phoenix
1337,108,504,2023-09-12,8,18.3,New York
1338,103,502,2023-04-06,10,15.5,Phoenix
1339,109,504,2023-06-14,9,18.3,Atlanta
1340,106,503,2023-09-11,1,22.75,Chicago
1341,110,501,2023-12-30,9,20.0,San Francisco
1342,105,503,2023-03-27,6,22.75,Miami
1343,103,503,2023-06-10,1,22.75,Los Angeles
1344,107,501,2023-10-15,3,20.0,San Diego
1345,102,502,2023-12-15,5,15.5,Atlanta
1346,108,502,2023-07-27,4,15.5,New York
1347,105,502,2023-12-07,10,15.5,Dallas
1348,109,501,2023-09-12,2,20.0,Miami
1349,107,502,2023-10-02,9,15.5,Miami
1350,109,502,2023-02-02,10,15.5,San Diego
1351,109,504,2023-10-21,7,18.3,San Diego
1352,107,504,2023-03-17,5,18.3,Phoenix
1353,108,501,2023-03-09,3,20.0,San Diego
1354,108,501,2023-01-29,5,20.0,New York
1355,108,504,2023-02-13,8,18.3,San Diego
1356,102,501,2023-03-15,10,20.0,Atlanta
1357,103,504,2023-08-23,5,18.3,Dallas
1358,105,502,2023-05-05,8,15.5,Miami
1359,106,503,2023-05-02,8,22.75,Dallas
1360,108,502,2023-08-16,7,15.5,Atlanta
1361,105,503,2023-02-20,10,22.75,San Francisco
1362,110,504,2023-08-11,1,18.3,Miami
1363,102,503,2023-02-14,9,22.75,New York
1364,105,502,2023-06-24,10,15.5,Los Angeles
1365,106,501,2023-06-15,10,20.0,Chicago
1366,104,504,2023-12-17,10,18.3,Atlanta
1367,105,503,2023-03-05,5,22.75,Los Angeles
1368,110,503,2023-03-17,9,22.75,San Francisco
1369,102,502,2023-12-11,9,15.5,Dallas
1370,102,502,2023-03-22,8,15.5,Chicago
1371,109,504,2023-09-01,3,18.3,Los Angeles
1372,105,501,2023-09-18,4,20.0,Atlanta
1373,102,501,2023-11-10,5,20.0,Chicago
1374,110,504,2023-02-14,6,18.3,Houston
1375,104,503,2023-07-05,3,22.75,Phoenix
1376,107,502,2023-03-27,7,15.5,Phoenix
1377,104,502,2023-05-20,7,15.5,New York
1378,103,501,2023-07-05,1,20.0,Atlanta
1379,109,502,2023-08-25,2,15.5,Dallas
1380,104,503,2023-09-10,9,22.75,Dallas
1381,103,502,2023-02-28,9,15.5,Phoenix
1382,102,502,2023-09-20,6,15.5,San Diego
1383,107,504,2023-02-07,4,18.3,San Francisco
1384,107,501,2023-05-20,4,20.0,San Francisco
1385,102,502,2023-01-04,1,15.5,New York
1386,104,501,2023-05-18,1,20.0,New York
1387,104,503,2023-10-01,8,22.75,Miami
1388,110,501,2023-07-28,6,20.0,San Francisco
1389,101,504,2023-04-30,4,18.3,San Diego
1390,101,504,2023-06-13,2,18.3,Miami
1391,109,502,2023-05-18,4,15.5,Chicago
1392,104,501,2023-07-17,2,20.0,San Diego
1393,102,503,2023-04-06,8,22.75,Phoenix
1394,107,502,2023-01-02,3,15.5,New York
1395,107,504,2023-06-18,1,18.3,Miami
1396,109,502,2023-02-06,3,15.5,Miami
1397,103,501,2023-07-05,9,20.0,Phoenix
1398,105,501,2023-06-08,9,20.0,Dallas
1399,101,503,2023-12-24,1,22.75,Houston
1400,104,502,2023-12-23,10,15.5,Los Angeles
1401,107,504,2023-12-24,2,18.3,San Diego
1402,105,503,2023-12-06,5,22.75,San Francisco
1403,105,501,2023-06-04,3,20.0,Phoenix
1404,105,504,2023-10-11,4,18.3,Dallas
1405,108,501,2023-05-16,3,20.0,San Francisco
1406,107,502,2023-09-18,2,15.5,New York
1407,105,504,2023-04-05,2,18.3,Atlanta
1408,108,503,2023-12-01,3,22.75,San Diego
1409,104,503,2023-01-22,1,22.75,Miami
1410,108,501,2023-11-25,4,20.0,Atlanta
1411,106,501,2023-06-19,6,20.0,San Diego
1412,101,504,2023-07-06,9,18.3,Phoenix
1413,102,501,2023-04-25,4,20.0,Atlanta
1414,109,502,2023-10-16,6,15.5,San Diego
1415,101,504,2023-03-30,4,18.3,New York
1416,101,501,2023-06-23,6,20.0,New York
1417,110,502,2023-06-25,8,15.5,San Francisco
1418,104,503,2023-05-14,2,22.75,San Diego
1419,103,503,2023-06-08,7,22.75,New York
1420,105,503,2023-08-28,8,22.75,Los Angeles
1421,108,504,2023-12-30,4,18.3,Miami
1422,104,501,2023-02-01,3,20.0,Houston
1423,107,504,2023-12-25,3,18.3,San Diego
1424,109,503,2023-02-16,7,22.75,Houston
1425,101,501,2023-02-25,7,20.0,Dallas
1426,101,502,2023-08-07,6,15.5,Los Angeles
1427,109,501,2023-12-16,9,20.0,Dallas
1428,109,503,2023-02-08,5,22.75,Phoenix
1429,102,501,2023-11-26,3,20.0,Miami
1430,106,503,2023-09-01,6,22.75,New York
1431,106,504,2023-03-31,6,18.3,San Francisco
1432,104,503,2023-04-13,8,22.75,Chicago
1433,103,504,2023-10-25,6,18.3,Dallas
1434,103,504,2023-10-14,4,18.3,Chicago
1435,110,501,2023-05-28,6,20.0,Phoenix
1436,101,504,2023-06-08,8,18.3,Miami
1437,109,503,2023-06-09,10,22.75,Phoenix
1438,102,501,2023-10-23,3,20.0,Houston
1439,105,501,2023-07-30,7,20.0,Chicago
1440,103,504,2023-10-07,2,18.3,Phoenix
1441,102,501,2023-12-28,9,20.0,Dallas
1442,104,504,2023-04-02,4,18.3,Chicago
1443,105,504,2023-06-15,7,18.3,Los Angeles
1444,103,501,2023-04-10,1,20.0,Dallas
1445,104,502,2023-01-28,6,15.5,San Francisco
1446,107,502,2023-05-12,4,15.5,San Francisco
1447,107,503,2023-04-30,2,22.75,Chicago
1448,108,502,2023-12-07,2,15.5,Miami
1449,103,502,2023-07-05,8,15.5,Houston
1450,105,504,2023-07-29,8,18.3,Phoenix
1451,103,504,2023-03-04,9,18.3,Miami
1452,101,502,2023-12-27,2,15.5,Miami
1453,101,502,2023-10-27,7,15.5,New York
1454,103,504,2023-09-23,5,18.3,San Diego
1455,108,502,2023-09-12,6,15.5,San Francisco
1456,107,501,2023-12-03,2,20.0,Miami
1457,107,504,2023-09-23,4,18.3,Dallas
1458,105,501,2023-10-04,2,20.0,New York
1459,110,503,2023-09-06,1,22.75,Dallas
1460,110,502,2023-04-02,7,15.5,Los Angeles
1461,108,501,2023-04-25,3,20.0,Houston
1462,108,502,2023-12-06,2,15.5,Phoenix
1463,103,504,2023-04-11,7,18.3,Houston
1464,107,501,2023-02-02,3,20.0,Houston
1465,106,504,2023-12-12,9,18.3,Dallas
1466,104,503,2023-10-25,3,22.75,San Francisco
1467,104,501,2023-10-29,10,20.0,Los Angeles
1468,101,503,2023-12-23,3,22.75,Chicago
1469,107,502,2023-04-21,5,15.5,Atlanta
1470,103,501,2023-08-24,5,20.0,New York
1471,110,502,2023-08-21,8,15.5,Los Angeles
1472,105,501,2023-10-22,1,20.0,Miami
1473,109,504,2023-01-13,6,18.3,San Francisco
1474,103,501,2023-06-25,10,20.0,Houston
1475,108,502,2023-11-21,7,15.5,Los Angeles
1476,110,504,2023-06-21,6,18.3,Houston
1477,109,504,2023-09-05,2,18.3,Dallas
1478,105,501,2023-12-03,2,20.0,Los Angeles
1479,101,503,2023-10-20,1,22.75,Los Angeles
1480,103,503,2023-06-24,6,22.75,New York
1481,109,501,2023-02-15,6,20.0,San Francisco
1482,104,502,2023-06-04,2,15.5,New York
1483,105,503,2023-09-13,4,22.75,San Francisco
1484,104,502,2023-12-29,6,15.5,New York
1485,107,501,2023-06-26,8,20.0,Chicago
1486,110,501,2023-07-13,5,20.0,Phoenix
1487,109,502,2023-01-24,9,15.5,Los Angeles
1488,109,503,2023-03-15,8,22.75,Miami
1489,110,503,2023-11-12,6,22.75,San Diego
1490,104,504,2023-04-10,4,18.3,New York
1491,103,501,2023-09-24,5,20.0,Houston
1492,102,502,2023-06-27,1,15.5,San Francisco
1493,103,501,2023-05-25,2,20.0,Chicago
1494,107,504,2023-07-27,6,18.3,Phoenix
1495,109,503,2023-12-16,5,22.75,Dallas
1496,110,503,2023-04-02,5,22.75,San Francisco
1497,102,502,2023-06-29,6,15.5,Houston
1498,109,503,2023-08-16,6,22.75,Miami
1499,105,502,2023-06-22,7,15.5,San Francisco
1500,107,502,2023-03-25,3,15.5,San Diego
1501,102,504,2023-11-07,5,18.3,Atlanta
1502,109,504,2023-04-10,3,18.3,Phoenix
1503,110,503,2023-12-06,8,22.75,San Francisco
1504,109,504,2023-02-08,3,18.3,New York
1505,108,503,2023-10-15,5,22.75,San Francisco
1506,108,504,2023-10-27,6,18.3,Atlanta
1507,101,504,2023-07-17,1,18.3,Chicago
1508,108,504,2023-11-14,2,18.3,Houston
1509,110,501,2023-11-03,10,20.0,Dallas
1510,110,502,2023-07-29,7,15.5,Houston
1511,105,501,2023-01-10,9,20.0,Los Angeles
1512,108,503,2023-02-18,5,22.75,Chicago
1513,108,501,2023-04-21,6,20.0,Dallas
1514,101,502,2023-07-05,4,15.5,Houston
1515,103,503,2023-09-10,8,22.75,Los Angeles
1516,110,503,2023-01-24,1,22.75,San Francisco
1517,110,502,2023-03-13,4,15.5,Houston
1518,110,503,2023-04-22,2,22.75,Phoenix
1519,108,503,2023-10-24,6,22.75,Chicago
1520,108,503,2023-04-19,5,22.75,New York
1521,109,502,2023-12-21,9,15.5,Miami
1522,108,504,2023-05-16,1,18.3,Dallas
1523,108,503,2023-04-01,5,22.75,Atlanta
1524,109,504,2023-10-09,10,18.3,New York
1525,103,501,2023-02-03,2,20.0,Atlanta
1526,108,501,2023-06-16,9,20.0,Houston
1527,108,502,2023-11-19,8,15.5,New York
1528,105,503,2023-11-05,7,22.75,Los Angeles
1529,104,501,2023-07-07,7,20.0,Miami
1530,108,504,2023-10-20,10,18.3,New York
1531,109,503,2023-03-21,9,22.75,Chicago
1532,106,503,2023-09-15,6,22.75,Phoenix
1533,106,502,2023-01-29,1,15.5,Miami
1534,104,501,2023-07-13,4,20.0,Dallas
1535,106,503,2023-10-12,5,22.75,San Francisco
1536,110,501,2023-05-14,8,20.0,Houston
1537,108,502,2023-07-22,4,15.5,Phoenix
1538,110,502,2023-12-10,7,15.5,San Francisco
1539,102,504,2023-10-28,2,18.3,Miami
1540,107,502,2023-06-25,9,15.5,Dallas
1541,102,503,2023-02-24,1,22.75,San Diego
1542,103,502,2023-06-05,6,15.5,Houston
1543,102,501,2023-05-05,5,20.0,San Diego
1544,107,501,2023-09-14,4,20.0,Phoenix
1545,102,503,2023-12-06,8,22.75,Los Angeles
1546,108,501,2023-09-11,1,20.0,Chicago
1547,102,501,2023-03-20,3,20.0,Los Angeles
1548,103,502,2023-06-08,6,15.5,Houston
1549,103,503,2023-01-18,5,22.75,Dallas
1550,106,504,2023-08-09,9,18.3,Los Angeles
1551,109,503,2023-07-23,5,22.75,New York
1552,105,501,2023-08-03,3,20.0,Miami
1553,101,501,2023-02-06,8,20.0,Atlanta
1554,107,503,2023-10-04,7,22.75,Los Angeles
1555,104,503,2023-11-21,3,22.75,Phoenix
1556,104,502,2023-12-20,9,15.5,Houston
1557,101,501,2023-01-23,6,20.0,Los Angeles
1558,110,503,2023-02-06,5,22.75,Phoenix
1559,108,504,2023-04-29,7,18.3,Los Angeles
1560,108,503,2023-06-12,5,22.75,Atlanta
1561,105,501,2023-01-20,5,20.0,Los Angeles
1562,109,501,2023-04-03,4,20.0,Los Angeles
1563,107,502,2023-12-24,8,15.5,Atlanta
1564,108,501,2023-10-08,10,20.0,Dallas
1565,108,504,2023-03-31,10,18.3,Atlanta
1566,109,503,2023-08-24,8,22.75,Houston
1567,107,502,2023-02-07,3,15.5,New York
1568,108,504,2023-12-08,8,18.3,Houston
1569,101,502,2023-07-02,1,15.5,Los Angeles
1570,110,501,2023-04-23,9,20.0,Houston
1571,108,502,2023-04-03,1,15.5,Houston
1572,101,503,2023-08-31,1,22.75,Houston
1573,107,501,2023-04-01,8,20.0,Miami
1574,108,503,2023-12-02,6,22.75,Houston
1575,104,503,2023-08-28,10,22.75,Miami
1576,102,501,2023-04-21,1,20.0,Miami
1577,107,503,2023-10-01,7,22.75,Houston
1578,103,504,2023-03-26,1,18.3,Dallas
1579,105,503,2023-05-01,5,22.75,Houston
1580,105,503,2023-04-07,3,22.75,San Diego
1581,110,501,2023-01-29,10,20.0,Chicago
1582,107,501,2023-12-22,9,20.0,Los Angeles
1583,105,503,2023-03-16,5,22.75,Los Angeles
1584,101,502,2023-11-04,5,15.5,San Francisco
1585,110,503,2023-04-30,9,22.75,Houston
1586,106,502,2023-12-20,3,15.5,San Francisco
1587,105,501,2023-04-15,2,20.0,San Diego
1588,102,501,2023-09-06,6,20.0,Atlanta
1589,110,502,2023-12-22,10,15.5,Phoenix
1590,109,504,2023-01-10,2,18.3,Houston
1591,105,504,2023-11-13,1,18.3,Phoenix
1592,107,503,2023-01-23,1,22.75,Los Angeles
1593,108,502,2023-01-18,4,15.5,Miami
1594,109,503,2023-11-12,9,22.75,Atlanta
1595,104,504,2023-05-11,5,18.3,Atlanta
1596,110,502,2023-10-14,4,15.5,Los Angeles
1597,108,502,2023-11-25,7,15.5,New York
1598,102,503,2023-09-30,2,22.75,Los Angeles
1599,101,503,2023-06-22,10,22.75,Chicago
1600,101,503,2023-02-25,8,22.75,Houston
1601,101,503,2023-04-23,7,22.75,San Francisco
1602,101,504,2023-08-20,9,18.3,Houston
1603,110,502,2023-10-03,2,15.5,Los Angeles
1604,106,502,2023-11-20,4,15.5,Houston
1605,107,503,2023-12-01,9,22.75,San Francisco
1606,104,501,2023-06-19,8,20.0,Los Angeles
1607,108,502,2023-02-05,9,15.5,Miami
1608,108,504,2023-12-29,10,18.3,Atlanta
1609,110,504,2023-07-11,9,18.3,San Diego
1610,107,504,2023-04-09,6,18.3,Atlanta
1611,104,501,2023-02-10,9,20.0,Phoenix
1612,105,504,2023-11-20,3,18.3,Los Angeles
1613,103,502,2023-03-30,1,15.5,Los Angeles
1614,105,504,2023-05-22,7,18.3,Chicago
1615,102,501,2023-05-09,7,20.0,Houston
1616,106,501,2023-01-24,1,20.0,Chicago
1617,103,504,2023-01-27,5,18.3,Chicago
1618,108,503,2023-06-06,1,22.75,Phoenix
1619,108,501,2023-09-02,5,20.0,San Diego
1620,110,503,2023-08-30,5,22.75,San Diego
1621,109,502,2023-02-21,7,15.5,Los Angeles
1622,107,502,2023-06-08,6,15.5,Atlanta
1623,107,502,2023-09-28,7,15.5,Houston
1624,110,502,2023-06-26,5,15.5,Los Angeles
1625,107,501,2023-07-05,1,20.0,Phoenix
1626,105,504,2023-06-12,5,18.3,Atlanta
1627,106,504,2023-05-09,5,18.3,New York
1628,104,502,2023-07-02,6,15.5,Los Angeles
1629,108,502,2023-11-13,10,15.5,Atlanta
1630,104,502,2023-11-23,6,15.5,Los Angeles
1631,105,503,2023-05-17,10,22.75,Dallas
1632,103,503,2023-02-03,4,22.75,Dallas
1633,105,501,2023-11-18,5,20.0,Phoenix
1634,106,503,2023-07-23,4,22.75,San Diego
1635,103,504,2023-04-21,3,18.3,Chicago
1636,105,503,2023-03-15,2,22.75,Los Angeles
1637,107,504,2023-03-17,9,18.3,Houston
1638,101,504,2023-02-25,5,18.3,Dallas
1639,102,504,2023-07-13,10,18.3,Houston
1640,107,502,2023-09-19,5,15.5,San Diego
1641,107,502,2023-03-10,6,15.5,Phoenix
1642,109,502,2023-04-22,2,15.5,New York
1643,106,501,2023-12-13,7,20.0,Houston
1644,106,504,2023-01-17,2,18.3,Miami
1645,103,503,2023-12-07,9,22.75,Houston
1646,103,504,2023-03-29,1,18.3,Houston
1647,110,502,2023-07-09,6,15.5,Miami
1648,109,503,2023-01-23,1,22.75,Dallas
1649,106,504,2023-11-17,4,18.3,Miami
1650,105,504,2023-08-24,2,18.3,Los Angeles
1651,103,501,2023-05-02,1,20.0,Atlanta
1652,106,501,2023-07-08,10,20.0,Phoenix
1653,102,501,2023-12-18,4,20.0,Miami
1654,110,504,2023-04-17,7,18.3,San Francisco
1655,103,501,2023-12-18,3,20.0,Phoenix
1656,106,502,2023-08-30,6,15.5,Phoenix
1657,104,504,2023-01-05,9,18.3,San Francisco
1658,109,501,2023-09-20,1,20.0,San Diego
1659,110,504,2023-08-06,1,18.3,Los Angeles
1660,105,501,2023-09-29,2,20.0,San Diego
1661,108,502,2023-08-04,9,15.5,New York
1662,107,504,2023-05-07,7,18.3,Atlanta
1663,102,503,2023-03-04,2,22.75,Miami
1664,101,503,2023-07-14,8,22.75,Miami
1665,106,504,2023-05-12,5,18.3,Houston
1666,105,502,2023-07-04,5,15.5,Dallas
1667,101,503,2023-11-29,4,22.75,Miami
1668,107,504,2023-06-06,1,18.3,Houston
1669,101,502,2023-03-09,6,15.5,Houston
1670,103,502,2023-11-10,8,15.5,Chicago
1671,108,501,2023-09-28,1,20.0,San Francisco
1672,105,501,2023-04-13,5,20.0,New York
1673,110,501,2023-08-23,8,20.0,Los Angeles
1674,106,502,2023-09-03,9,15.5,San Francisco
1675,106,501,2023-04-02,4,20.0,Chicago
1676,110,502,2023-04-15,5,15.5,New York
1677,101,501,2023-01-09,4,20.0,Atlanta
1678,102,503,2023-08-07,8,22.75,San Francisco
1679,110,501,2023-12-31,3,20.0,Los Angeles
1680,110,503,2023-07-03,3,22.75,Miami
1681,104,504,2023-10-01,4,18.3,Chicago
1682,105,501,2023-12-08,2,20.0,San Diego
1683,110,503,2023-11-30,5,22.75,Phoenix
1684,107,502,2023-10-26,9,15.5,San Francisco
1685,105,502,2023-07-06,6,15.5,Miami
1686,104,504,2023-09-24,1,18.3,Houston
1687,104,501,2023-12-20,1,20.0,Atlanta
1688,103,504,2023-03-08,4,18.3,Chicago
1689,108,502,2023-10-05,2,15.5,San Diego
1690,109,501,2023-05-11,3,20.0,Dallas
1691,102,503,2023-08-05,1,22.75,Los Angeles
1692,108,501,2023-11-07,4,20.0,Phoenix
1693,105,503,2023-04-26,8,22.75,Chicago
1694,103,503,2023-11-21,9,22.75,San Diego
1695,106,501,2023-06-19,6,20.0,Phoenix
1696,105,501,2023-08-08,7,20.0,Atlanta
1697,104,501,2023-06-24,5,20.0,Los Angeles
1698,101,504,2023-10-28,5,18.3,New York
1699,104,501,2023-03-07,6,20.0,San Diego
1700,102,501,2023-11-11,3,20.0,Miami
1701,102,504,2023-12-18,4,18.3,San Francisco
1702,103,503,2023-12-10,5,22.75,San Francisco
1703,103,504,2023-12-23,6,18.3,Los Angeles
1704,106,503,2023-05-13,3,22.75,Atlanta
1705,103,501,2023-02-13,6,20.0,Phoenix
1706,106,501,2023-09-06,4,20.0,Phoenix
1707,106,504,2023-04-20,2,18.3,Atlanta
1708,110,502,2023-09-05,4,15.5,Atlanta
1709,104,503,2023-10-14,7,22.75,Los Angeles
1710,105,501,2023-12-19,9,20.0,Dallas
1711,105,504,2023-04-05,2,18.3,Houston
1712,108,503,2023-01-24,1,22.75,San Diego
1713,109,502,2023-06-15,10,15.5,Los Angeles
1714,106,502,2023-03-09,5,15.5,San Francisco
1715,101,502,2023-08-26,4,15.5,Chicago
1716,107,504,2023-01-23,3,18.3,San Diego
1717,105,504,2023-05-27,5,18.3,New York
1718,107,503,2023-10-31,5,22.75,Los Angeles
1719,102,502,2023-10-04,3,15.5,Chicago
1720,108,504,2023-11-18,10,18.3,Dallas
1721,107,504,2023-07-19,10,18.3,Phoenix
1722,110,504,2023-11-29,5,18.3,Houston
1723,102,504,2023-11-30,9,18.3,Houston
1724,105,502,2023-03-31,9,15.5,Miami
1725,103,503,2023-02-28,2,22.75,Miami
1726,104,501,2023-10-05,3,20.0,Dallas
1727,102,503,2023-03-11,8,22.75,Los Angeles
1728,104,504,2023-08-30,4,18.3,New York
1729,105,503,2023-03-04,3,22.75,San Francisco
1730,101,501,2023-05-17,2,20.0,Miami
1731,107,502,2023-01-21,10,15.5,Los Angeles
1732,109,504,2023-03-12,6,18.3,New York
1733,106,501,2023-02-08,6,20.0,New York
1734,106,504,2023-04-12,9,18.3,Los Angeles
1735,103,501,2023-02-15,8,20.0,San Diego
1736,103,501,2023-04-16,1,20.0,Dallas
1737,103,501,2023-09-28,6,20.0,Miami
1738,101,504,2023-08-14,7,18.3,Chicago
1739,103,501,2023-06-16,3,20.0,San Francisco
1740,103,503,2023-04-05,2,22.75,San Francisco
1741,108,503,2023-08-18,9,22.75,Dallas
1742,102,502,2023-10-03,8,15.5,Atlanta
1743,102,502,2023-07-18,3,15.5,Los Angeles
1744,104,504,2023-02-18,8,18.3,Phoenix
1745,108,504,2023-10-05,1,18.3,New York
1746,105,502,2023-02-23,10,15.5,Phoenix
1747,103,502,2023-09-01,7,15.5,Houston
1748,106,503,2023-08-25,6,22.75,San Francisco
1749,105,501,2023-08-26,8,20.0,Chicago
1750,110,502,2023-12-12,3,15.5,Chicago
1751,107,503,2023-03-23,1,22.75,Chicago
1752,102,502,2023-07-28,6,15.5,Chicago
1753,107,502,2023-02-16,9,15.5,San Diego
1754,102,501,2023-04-18,4,20.0,Miami
1755,110,504,2023-03-25,4,18.3,Chicago
1756,107,501,2023-11-18,3,20.0,Dallas
1757,103,503,2023-06-08,1,22.75,Los Angeles
1758,102,504,2023-04-12,1,18.3,Houston
1759,102,504,2023-07-23,3,18.3,New York
1760,104,503,2023-10-11,3,22.75,Miami
1761,108,503,2023-01-31,7,22.75,Dallas
1762,106,503,2023-06-24,8,22.75,New York
1763,108,501,2023-11-19,2,20.0,New York
1764,106,503,2023-01-15,3,22.75,Chicago
1765,105,501,2023-03-08,2,20.0,New York
1766,108,504,2023-12-26,1,18.3,Dallas
1767,108,503,2023-05-23,1,22.75,Dallas
1768,106,501,2023-04-02,5,20.0,San Diego
1769,107,503,2023-04-10,7,22.75,Los Angeles
1770,102,501,2023-07-02,6,20.0,Phoenix
1771,104,503,2023-09-18,10,22.75,New York
1772,109,502,2023-10-08,5,15.5,Phoenix
1773,106,504,2023-04-08,5,18.3,San Diego
1774,103,503,2023-07-04,10,22.75,New York
1775,109,502,2023-12-13,9,15.5,Los Angeles
1776,103,502,2023-01-02,7,15.5,San Diego
1777,107,502,2023-05-11,5,15.5,Dallas
1778,109,503,2023-11-18,5,22.75,Miami
1779,102,502,2023-03-17,2,15.5,San Diego
1780,102,503,2023-01-15,10,22.75,Phoenix
1781,105,502,2023-06-18,3,15.5,Chicago
1782,101,503,2023-06-12,9,22.75,Houston
1783,107,504,2023-09-06,7,18.3,New York
1784,104,504,2023-12-11,6,18.3,Dallas
1785,110,504,2023-08-15,9,18.3,Los Angeles
1786,101,501,2023-08-07,4,20.0,Atlanta
1787,109,503,2023-07-20,1,22.75,Miami
1788,108,502,2023-06-08,1,15.5,Dallas
1789,107,502,2023-01-29,7,15.5,Los Angeles
1790,110,501,2023-10-02,7,20.0,Dallas
1791,103,504,2023-08-25,1,18.3,Dallas
1792,103,502,2023-11-20,8,15.5,Los Angeles
1793,102,504,2023-01-28,4,18.3,Phoenix
1794,106,503,2023-06-12,6,22.75,Miami
1795,105,501,2023-03-12,3,20.0,Dallas
1796,107,503,2023-05-26,9,22.75,San Francisco
1797,103,503,2023-11-05,9,22.75,Phoenix
1798,101,504,2023-08-03,10,18.3,Los Angeles
1799,105,501,2023-12-26,6,20.0,Dallas
1800,109,503,2023-05-26,7,22.75,San Francisco
1801,105,501,2023-08-06,4,20.0,Dallas
1802,105,503,2023-08-25,1,22.75,San Diego
1803,102,503,2023-09-16,6,22.75,Miami
1804,103,504,2023-03-15,10,18.3,Houston
1805,104,502,2023-02-25,7,15.5,New York
1806,101,501,2023-02-27,2,20.0,Houston
1807,109,502,2023-02-20,6,15.5,Miami
1808,106,501,2023-01-16,6,20.0,Miami
1809,109,501,2023-11-03,5,20.0,Atlanta
1810,110,501,2023-10-14,3,20.0,San Francisco
1811,107,503,2023-04-26,4,22.75,Phoenix
1812,109,501,2023-03-09,1,20.0,Phoenix
1813,103,503,2023-11-27,6,22.75,Atlanta
1814,110,501,2023-07-27,2,20.0,New York
1815,104,504,2023-06-10,9,18.3,Los Angeles
1816,101,502,2023-03-03,2,15.5,San Francisco
1817,104,503,2023-07-01,1,22.75,Los Angeles
1818,109,504,2023-07-26,10,18.3,San Francisco
1819,101,503,2023-06-24,4,22.75,New York
1820,110,504,2023-03-31,6,18.3,Houston
1821,106,501,2023-08-29,7,20.0,Miami
1822,107,503,2023-07-15,5,22.75,Atlanta
1823,101,504,2023-02-13,5,18.3,Houston
1824,101,501,2023-11-15,6,20.0,Houston
1825,107,501,2023-07-15,10,20.0,Chicago
1826,109,503,2023-06-18,3,22.75,Atlanta
1827,106,503,2023-04-13,10,22.75,San Diego
1828,101,501,2023-12-23,10,20.0,Miami
1829,106,501,2023-02-20,5,20.0,Chicago
1830,103,504,2023-05-25,2,18.3,New York
1831,109,503,2023-09-02,4,22.75,Atlanta
1832,110,502,2023-08-31,3,15.5,Houston
1833,105,503,2023-09-20,9,22.75,Phoenix
1834,101,502,2023-07-25,1,15.5,Atlanta
1835,103,501,2023-08-24,7,20.0,Atlanta
1836,106,501,2023-07-10,5,20.0,San Francisco
1837,101,504,2023-03-27,4,18.3,Atlanta
1838,106,501,2023-05-24,3,20.0,Dallas
1839,110,503,2023-11-01,8,22.75,San Diego
1840,109,502,2023-01-18,10,15.5,San Diego
1841,103,502,2023-09-24,1,15.5,Dallas
1842,107,501,2023-05-28,6,20.0,Houston
1843,102,503,2023-04-29,2,22.75,Miami
1844,109,502,2023-05-23,6,15.5,Phoenix
1845,102,503,2023-06-11,10,22.75,Miami
1846,108,502,2023-07-21,2,15.5,Los Angeles
1847,105,503,2023-09-05,4,22.75,Chicago
1848,110,501,2023-08-22,7,20.0,San Diego
1849,105,502,2023-04-22,3,15.5,Houston
1850,108,503,2023-09-23,10,22.75,Los Angeles
1851,106,502,2023-08-21,5,15.5,New York
1852,101,502,2023-05-21,3,15.5,San Francisco
1853,109,503,2023-12-07,5,22.75,Houston
1854,101,504,2023-03-20,10,18.3,Chicago
1855,102,503,2023-03-21,7,22.75,Dallas
1856,104,501,2023-08-31,3,20.0,Dallas
1857,103,501,2023-01-02,10,20.0,Phoenix
1858,108,503,2023-01-01,7,22.75,Houston
1859,106,504,2023-02-28,4,18.3,Phoenix
1860,107,502,2023-12-21,9,15.5,San Francisco
1861,108,503,2023-03-09,7,22.75,New York
1862,107,502,2023-06-28,7,15.5,San Diego
1863,102,503,2023-07-01,1,22.75,Chicago
1864,102,502,2023-12-12,1,15.5,Chicago
1865,108,504,2023-02-03,3,18.3,Chicago
1866,103,501,2023-07-20,6,20.0,Atlanta
1867,105,504,2023-12-09,2,18.3,Atlanta
1868,105,501,2023-03-07,8,20.0,Dallas
1869,107,504,2023-10-20,1,18.3,Dallas
1870,109,504,2023-08-09,9,18.3,New York
1871,109,502,2023-08-02,7,15.5,Atlanta
1872,101,503,2023-05-06,6,22.75,San Diego
1873,107,503,2023-11-12,8,22.75,Phoenix
1874,105,504,2023-11-29,4,18.3,Dallas
1875,108,503,2023-05-22,1,22.75,Los Angeles
1876,108,502,2023-04-16,3,15.5,Dallas
1877,101,503,2023-06-29,6,22.75,Houston
1878,106,503,2023-12-30,4,22.75,New York
1879,110,504,2023-01-27,7,18.3,San Diego
1880,107,502,2023-08-01,3,15.5,New York
1881,108,501,2023-05-30,2,20.0,New York
1882,106,503,2023-07-02,5,22.75,San Diego
1883,105,502,2023-10-28,3,15.5,Houston
1884,110,504,2023-05-12,9,18.3,Houston
1885,103,502,2023-05-25,10,15.5,Phoenix
1886,108,504,2023-09-26,5,18.3,Phoenix
1887,103,504,2023-05-24,3,18.3,San Diego
1888,106,504,2023-08-08,1,18.3,Atlanta
1889,102,504,2023-01-23,7,18.3,San Francisco
1890,109,502,2023-09-30,7,15.5,Phoenix
1891,104,503,2023-03-15,8,22.75,San Francisco
1892,105,503,2023-04-07,5,22.75,San Francisco
1893,101,504,2023-07-13,10,18.3,Los Angeles
1894,103,504,2023-09-30,6,18.3,San Diego
1895,104,502,2023-02-19,2,15.5,Houston
1896,103,504,2023-01-01,5,18.3,New York
1897,101,501,2023-05-14,5,20.0,Los Angeles
1898,102,503,2023-12-11,3,22.75,San Diego
1899,102,502,2023-02-28,4,15.5,Miami
1900,102,501,2023-03-16,4,20.0,Houston
1901,104,504,2023-02-18,10,18.3,Chicago
1902,109,504,2023-06-23,3,18.3,New York
1903,104,504,2023-11-01,5,18.3,San Francisco
1904,104,501,2023-08-22,9,20.0,Miami
1905,110,502,2023-11-18,5,15.5,New York
1906,110,502,2023-01-10,6,15.5,Chicago
1907,102,501,2023-11-02,8,20.0,Phoenix
1908,110,504,2023-08-14,10,18.3,Atlanta
1909,108,501,2023-02-11,1,20.0,Houston
1910,101,503,2023-03-27,5,22.75,Atlanta
1911,102,502,2023-08-09,4,15.5,Chicago
1912,110,503,2023-05-02,10,22.75,Atlanta
1913,103,502,2023-08-11,10,15.5,Chicago
1914,105,504,2023-07-27,7,18.3,San Diego
1915,107,502,2023-07-26,8,15.5,Atlanta
1916,106,504,2023-09-12,9,18.3,Atlanta
1917,104,504,2023-11-22,9,18.3,San Francisco
1918,108,502,2023-12-25,2,15.5,Los Angeles
1919,106,504,2023-07-13,7,18.3,Chicago
1920,106,503,2023-06-22,8,22.75,Dallas
1921,107,503,2023-01-29,9,22.75,Miami
1922,102,504,2023-12-23,4,18.3,Phoenix
1923,110,501,2023-06-07,4,20.0,New York
1924,105,503,2023-03-17,3,22.75,Chicago
1925,107,503,2023-12-10,3,22.75,San Francisco
1926,105,501,2023-07-16,6,20.0,San Diego
1927,102,503,2023-06-21,7,22.75,Miami
1928,102,503,2023-08-22,7,22.75,Los Angeles
1929,106,501,2023-02-25,6,20.0,Miami
1930,102,503,2023-10-27,4,22.75,Miami
1931,105,502,2023-05-18,10,15.5,Phoenix
1932,104,502,2023-07-24,1,15.5,San Francisco
1933,102,504,2023-10-03,3,18.3,Miami
1934,110,503,2023-12-21,4,22.75,Los Angeles
1935,101,504,2023-01-28,5,18.3,Atlanta
1936,101,504,2023-07-13,4,18.3,Phoenix
1937,106,503,2023-05-15,3,22.75,Houston
1938,109,503,2023-04-05,5,22.75,New York
1939,107,501,2023-01-12,4,20.0,Chicago
1940,101,504,2023-04-19,5,18.3,San Diego
1941,101,501,2023-04-11,4,20.0,Miami
1942,107,501,2023-11-30,2,20.0,Atlanta
1943,110,503,2023-02-16,3,22.75,San Francisco
1944,110,503,2023-09-24,2,22.75,Miami
1945,104,504,2023-05-31,10,18.3,Los Angeles
1946,101,502,2023-06-09,6,15.5,San Francisco
1947,103,502,2023-02-17,4,15.5,Atlanta
1948,110,503,2023-07-18,5,22.75,Los Angeles
1949,103,503,2023-08-21,2,22.75,Chicago
1950,110,503,2023-12-06,5,22.75,Dallas
1951,110,504,2023-12-14,8,18.3,Atlanta
1952,106,503,2023-06-07,7,22.75,Atlanta
1953,103,501,2023-03-09,10,20.0,San Diego
1954,109,503,2023-11-17,7,22.75,Atlanta
1955,106,502,2023-11-23,6,15.5,Atlanta
1956,106,502,2023-08-07,5,15.5,New York
1957,108,504,2023-04-04,8,18.3,Phoenix
1958,102,501,2023-01-12,5,20.0,San Francisco
1959,106,502,2023-12-19,6,15.5,San Francisco
1960,103,503,2023-07-15,1,22.75,New York
1961,102,504,2023-03-03,5,18.3,Houston
1962,103,501,2023-05-02,4,20.0,Atlanta
1963,103,504,2023-03-18,5,18.3,Los Angeles
1964,109,502,2023-04-27,10,15.5,Chicago
1965,101,503,2023-10-05,8,22.75,Houston
1966,108,503,2023-02-24,7,22.75,Houston
1967,107,501,2023-06-24,10,20.0,San Francisco
1968,101,501,2023-11-13,5,20.0,Phoenix
1969,102,501,2023-12-03,2,20.0,Los Angeles
1970,104,501,2023-10-25,9,20.0,Phoenix
1971,106,504,2023-09-16,7,18.3,Houston
1972,107,502,2023-01-20,1,15.5,Phoenix
1973,105,504,2023-04-08,2,18.3,Dallas
1974,102,503,2023-12-27,5,22.75,Miami
1975,101,502,2023-01-06,7,15.5,New York
1976,110,504,2023-05-10,8,18.3,San Francisco
1977,101,502,2023-08-07,8,15.5,San Francisco
1978,103,501,2023-06-21,10,20.0,Los Angeles
1979,101,504,2023-12-17,5,18.3,Atlanta
1980,109,503,2023-04-03,4,22.75,Atlanta
1981,106,501,2023-02-18,1,20.0,New York
1982,110,504,2023-10-20,4,18.3,Dallas
1983,108,502,2023-04-02,9,15.5,Houston
1984,106,504,2023-09-18,7,18.3,Miami
1985,106,501,2023-05-03,5,20.0,San Francisco
1986,107,503,2023-09-08,6,22.75,Atlanta
1987,108,503,2023-05-14,2,22.75,Atlanta
1988,104,501,2023-07-09,7,20.0,San Diego
1989,108,502,2023-07-07,10,15.5,Chicago
1990,106,504,2023-03-25,6,18.3,Atlanta
1991,110,502,2023-06-25,6,15.5,Miami
1992,106,501,2023-07-23,7,20.0,Houston
1993,106,503,2023-05-04,3,22.75,Miami
1994,104,502,2023-09-05,3,15.5,Chicago
1995,101,501,2023-05-04,2,20.0,New York
1996,107,504,2023-02-27,7,18.3,Chicago
1997,110,502,2023-09-20,3,15.5,Los Angeles
1998,109,503,2023-04-28,6,22.75,Dallas
1999,109,503,2023-01-21,9,22.75,Chicago
2000,105,502,2023-10-16,4,15.5,Atlanta
